"conversation_id_str","created_at","favorite_count","full_text","id_str","image_url","in_reply_to_screen_name","lang","location","quote_count","reply_count","retweet_count","tweet_url","user_id_str","username"
"1727886807868850194","Fri Nov 24 03:08:12 +0000 2023","6012","Hah? Ini buku teks terbitan mana? Di buku teks Kurikulum Merdeka terbitan Kemdikbudristek semua materi udah punya perspektif kesetaraan gender. Pekerjaan rumah dilakukan dengan gotong royong. Di ilustrasinya pun yg menyapu &amp; mengepel bukan cuma anak perempuan. https://t.co/d67ALhK3GU","1727886807868850194","https://pbs.twimg.com/media/F_qv45BagAEe4bK.jpg","","in","Jakarta ","120","65","1346","https://x.com/adekumala/status/1727886807868850194","30654287","adekumala"
"1841790299959627809","Thu Oct 03 10:40:00 +0000 2024","7616","Ini Hasil Karya Kurikulum Merdeka Rezim sekarang . Apa terus kita Diem saja Pasrah gk ikut politik¬≤an.... !!!! https://t.co/imfM8m9EYv","1841790299959627809","https://pbs.twimg.com/ext_tw_video_thumb/1841790208079233024/pu/img/Xttn1i4lAC7-GgzJ.jpg","","in","Jakarta Capital Region","767","1974","2640","https://x.com/BarisanPemudaRI/status/1841790299959627809","87901651","BarisanPemudaRI"
"1762485879673585842","Tue Feb 27 14:32:33 +0000 2024","35808"," ini serius kurikulum merdeka mau di ganti lagi??apalah dunia ini https://t.co/SycJRZMFay","1762485879673585842","https://pbs.twimg.com/media/GHWbj78XwAAVGeI.jpg","","in","Indonesia","5295","3494","2583","https://x.com/tanyarlfes/status/1762485879673585842","1371650588","tanyarlfes"
"1834437408009715860","Fri Sep 13 03:42:14 +0000 2024","6093","Emang iya kurikulum merdeka kaya gini? Siapa ni guru jelasin dong ini namanya bukan merdeka tp menderita sc tt : vienna8822 https://t.co/HdvmsNaSYo","1834437408009715860","https://pbs.twimg.com/amplify_video_thumb/1834437252044427264/img/VxZYazTqKzcbf7p_.jpg","","in","Democratic People's Republic o","2575","1162","981","https://x.com/tenwayvx/status/1834437408009715860","1069905041870340096","tenwayvx"
"1864087863991980146","Tue Dec 03 23:22:34 +0000 2024","13363","Mesti belajar sama Mulyono - kuasai dulu militer dan polisi. - sandera lawan politik dengan kasus2 hukum - melemahkan KPK - UU cipta kerja yg bikin masyarakat jadi pengemis bansos - UKT tinggi yg bikin rakyat putus asa dan bodoh - Kurikulum merdeka yg bikin ga belajar","1864087863991980146","","","in","Indonesia","236","112","5485","https://x.com/wewegomb/status/1864087863991980146","1247107238373642241","wewegomb"
"1847607980579315832","Sat Oct 19 11:57:24 +0000 2024","5434","Ketika murid SMK kelas X disuruh menuliskan angka sembilan ribu satu Kurikulum Merdeka @nadiemmakarim memang membuat rusak generasi muda. https://t.co/pZVDfjS8mX","1847607980579315832","https://pbs.twimg.com/ext_tw_video_thumb/1847607838052667396/pu/img/A2DjPi0wCh49QJE9.jpg","","in","","572","1415","2009","https://x.com/CakKhum/status/1847607980579315832","1112540525771386880","CakKhum"
"1772736132574228958","Tue Mar 26 21:23:24 +0000 2024","24682","kurikulum merdeka adalah kurikulum TERGAJELAS. Anak kelas 1 SD disuruh bikin prakarya dan dijual trus itung untung ruginya. Permisi anak gua masih ndusel ke leher gua kalo mau tidur disuruh nyari laba hasil jual gantungan kunci ","1772736132574228958","","","in","","963","321","4283","https://x.com/VindhTR/status/1772736132574228958","340284696","VindhTR"
"1741757222932361292","Mon Jan 01 09:44:16 +0000 2024","12558","Setelah kurikulum merdeka pelajaran sejarah SMA/Sederajat menyusut dari 17 jp (Kurtilas) menyusut menjadi 6 jp (Kurikulum merdeka) Berikut lembar sejarah berdarah yang hilang: -Tread-","1741757222932361292","","","in","","666","179","3223","https://x.com/zanatul_91/status/1741757222932361292","88120377","zanatul_91"
"1850807086709645742","Sun Dec 22 10:06:53 +0000 2024","8","@tabuhberbunyi @mboke_ganes @niki_tipaah Nah ini memang konsep kurikulum merdeka yang sekarang kak kurikulum cuma blue print tapi materinya dibuat lagi oleh guru tergantung kebutuhan muridnya. Salut buat kakaknya semoga lancar dan berkah terus mendidik anak2nya","1870772993724748247","","tabuhberbunyi","in","Indonesia","0","0","0","https://x.com/arliap/status/1870772993724748247","89385065","arliap"
"1763536252400525593","Fri Mar 01 12:06:22 +0000 2024","448","Salah satu klaim yang paling bikin sakit kepala adalah klaim bahwa kurikulum merdeka itu berasal dari guru. Seingat kami sejak 2020 semua perubahan itu formatnya dibuat dulu oleh tim khusus Baru kemudian berbagai Organ Prof Guru diundang untuk validasi. https://t.co/dCbH9QnTak","1763536252400525593","https://pbs.twimg.com/media/GHlW36Pa8AAuOo6.jpg","","in","","6","23","122","https://x.com/zanatul_91/status/1763536252400525593","88120377","zanatul_91"
"1841062789437096188","Tue Oct 01 10:29:08 +0000 2024","32369","Kurikulum merdeka. Muridnya merdeka bebas mau paham apa enggak. https://t.co/y5Tfx42ElH","1841062789437096188","https://pbs.twimg.com/media/GYzE2NKaoAATUXP.jpg","","in","kosan","1388","997","8449","https://x.com/JukiHoki/status/1841062789437096188","600899581","JukiHoki"
"1804725109405765864","Sun Jun 23 03:56:10 +0000 2024","232","Dalam naskah akademik Kurikulum Merdeka dorongan pembelajaran terdiferensiasi tujuannya agar (diharapkan) praktik tinggal kelas atau tidak naik kelas dapat ditinggalkan. Pada satu sisi harapan ini sungguh mulia. Pada sisi lain ini artinya guru harus lebih kerja keras dalam https://t.co/BH72XQeKZ7","1804725109405765864","https://pbs.twimg.com/media/GQur6_4aQAAFB11.jpg","","in","","16","36","67","https://x.com/zanatul_91/status/1804725109405765864","88120377","zanatul_91"
"1806991774990414176","Sat Jun 29 10:03:06 +0000 2024","1208","Untuk temen-temen yang sulit memahami Kurikulum Merdeka saya bantu melalui kronologi. Kesulitan terbesarnya karena sampai final disebut kurikulum Merdeka kementerian menerbitkan banyak nama kurikulum. Kurikulum merdeka menggantikan kurikulum 2013 (K13) terinspirasi dari https://t.co/pFCujjfgra","1806991774990414176","https://pbs.twimg.com/media/GRO5bi7agAAV_0t.jpg","","in","","11","23","308","https://x.com/zanatul_91/status/1806991774990414176","88120377","zanatul_91"
"1872218973519192304","Thu Dec 26 09:52:42 +0000 2024","14","merasa beruntung masih kurtilas belom kurikulum merdeka","1872218973519192304","","","in","personal account. ","0","10","2","https://x.com/samuelgoestoui/status/1872218973519192304","1805108268450357248","samuelgoestoui"
"1760236295069266280","Wed Feb 21 09:33:31 +0000 2024","528","Permendikbudrisek kurikulum merdeka baru di uji publik. Tidak sesuai urutan. Kebijakannya udah jalan peraturannya menyusul. Hayo selama ini kalian menjalankan kurikulum makhluk apa hayo. Dalam ilmu sejarah ini disebut anakronisme. Etapi sejarah kan gak penting ya lupa. https://t.co/qEy2WrUvfd","1760236295069266280","https://pbs.twimg.com/media/GG2dkvUb0AAJ7A3.jpg","","in","","48","25","211","https://x.com/zanatul_91/status/1760236295069266280","88120377","zanatul_91"
"1843143983377371294","Mon Oct 07 04:19:04 +0000 2024","880","imo kurikulum merdeka punya tujuan yang bagus tapi apapun dan sebagus apapun kurikulumnya kalau masih ada guru yang ga digaji dengan layak akses pendidikan yang ga merata dan masih ada murid yang belajar di bangunan yang ga layak you wont get the desired outcome","1843143983377371294","","","in","","10","10","326","https://x.com/krougee/status/1843143983377371294","939696399645470722","krougee"
"1542496081707421696","Thu Jun 30 13:11:38 +0000 2022","692","(1/n) Mau fafifuwasweswos refleksi singkat kerja deket sama guru-guru dua bulan terakhir. Sebuah thread tentang Kurikulum Merdeka: i) Apa itu Kurikulum Merdeka? ii) Tantangan terbesar guru iii) Respons atas tantangan tersebut buat yang mau baca-baca: https://t.co/siKYNPM1Fu https://t.co/WItRP56ECb","1542496081707421696","https://pbs.twimg.com/media/FWgL-GnaQAACNTT.png","","in","Jakarta Selatan, DKI Jakarta","16","8","202","https://x.com/barrysianturi/status/1542496081707421696","2237377454","barrysianturi"
"1727886807868850194","Fri Nov 24 03:11:02 +0000 2023","433","Ini di buku teks Pendidikan Pancasila kelas 1 SD/MI ya. Bisa dibaca dan diunduh gratis di https://t.co/LITVZhBMKR Ayuklah ibu bapak cek dan encourage sekolahnya utk pake buku2 Kurikulum Merdeka terbitan Kemdikbudristek. Harga lebih murah isi lebih berkualitas https://t.co/QoPa788S6J","1727887522150388049","https://pbs.twimg.com/media/F_qwi14aMAA-_ok.jpg","adekumala","in","Jakarta ","7","10","81","https://x.com/adekumala/status/1727887522150388049","30654287","adekumala"
"1780908889766322286","Thu Apr 18 10:39:01 +0000 2024","9434","SEMUA MAHASISWA DI INDONESIA MENDING JANGAN DAFTAR KAMPUS MENGAJAR DEH. SERIUS. GAK WORTH IT!!! PIHAK KAMPUS MENGAJAR JUGA GAK TRANSPARAN. SATU-SATUNYA PROGRAM KAMPUS MERDEKA (MBKM) YANG MENURUTKU GAK SESUAI DENGAN PENGORBANAN MAHASISWA. @Kemdikbud_RI","1780908889766322286","","","in","","531","155","1648","https://x.com/zavvac/status/1780908889766322286","2855194920","zavvac"
"1813832688866054626","Thu Jul 18 07:06:27 +0000 2024","1588"," baca alasan dihapus jurusan kurikulum merdeka ini gue setuju dulu nyaksiin sendiri temen maksa pindah ke swasta supaya dapet jurusan IPA padahal dianya gamau :( https://t.co/6rixWSnBWY","1813832688866054626","https://pbs.twimg.com/media/GSwHN6yaoAANEqu.jpg","","in","Indonesia","63","82","89","https://x.com/tanyarlfes/status/1813832688866054626","1371650588","tanyarlfes"
"1833980113685254578","Wed Sep 11 21:25:07 +0000 2024","824","Pemerintah Indo daripada bayar ingpluenser hedon ga jelas buat promosiin kegiatan buang-buang duit negara mending u bayar ingpluenser waras buat promosiin web Kemdikbud dah. Ni website ada sosialisasinya ga sih? Ni pada tau such site exists ga sih? Mayan oke loh https://t.co/f3mBYCvGX2","1833980113685254578","https://pbs.twimg.com/media/GXObMVjW0AAzsrU.jpg","","in","","6","19","303","https://x.com/einedame/status/1833980113685254578","368259216","einedame"
"1839384459273199645","Thu Sep 26 19:20:03 +0000 2024","2284","Banyak opini menyebut bahwa Kurikulum Merdeka bukan masalah pendidikan kita hari ini. Saya kasih penjelasan singkat kenapa pada era merdeka belajar guru kesulitan memahami kurikulum. Kurikulumnya kecanggihan? No. Kebanyakan Branding yes. -Tread-","1839384459273199645","","","in","","31","43","757","https://x.com/zanatul_91/status/1839384459273199645","88120377","zanatul_91"
"1792491086138769570","Mon May 20 09:42:32 +0000 2024","277","Selamat atas diluncurkannya Sastra Masuk Kurikulum Bacaan sastra kini menjadi bagian dari Kurikulum Merdeka. Banyak judul telah dikurasi oleh para kurator dipilih mana yang masuk jenjang pendidikan SD SMP hingga SMA. Selengkapnya bisa kepoin https://t.co/u6eP7ZNw4P https://t.co/FO5yixKrhT","1792491086138769570","https://pbs.twimg.com/media/GOA1IyYasAAbVXI.jpg","","in","Narnia","9","3","94","https://x.com/hzboy/status/1792491086138769570","79142741","hzboy"
"1675871749894983682","Mon Jul 03 14:18:56 +0000 2023","13810","1. UN yg pelan2 diperbaiki kualitas soal &amp; tujuan asesmennya untuk pemetaan malah dipretelin. 2. Zonasi berantakan bikin anak2 ga sekolah. 3.AKM &amp; Kurikulum merdeka implementasinya bikin sulit guru. 4. SNBT ujian mata pelajaran hilang. Dosa Jokowi paling akbar itu Nadiem.","1675871749894983682","","","in","Milky way, Sol, Earth, Cinere","1085","316","2785","https://x.com/kamentrader/status/1675871749894983682","75786723","kamentrader"
"1841750892368036261","Thu Oct 03 08:03:25 +0000 2024","1328","Menteri Pendidikan Kebudayaan Riset dan Teknologi Nadiem Makarim menyatakan bahwa transformasi pendidikan dalam payung Merdeka Belajar selama lima tahun terakhir telah menjadi kunci meningkatnya kualitas pendidikan Indonesia. #TempoHeadliner https://t.co/frVsflu6Fi","1841750892368036261","https://pbs.twimg.com/media/GY82JnAbAAIgKcL.jpg","","in","Indonesia","1365","1446","228","https://x.com/tempodotco/status/1841750892368036261","18129942","tempodotco"
"1584811273656885248","Tue Oct 25 07:37:06 +0000 2022","280","Halo #SahabatDikbud Apakah kalian tahu tentang Kurikulum Merdeka? #KurikulumMerdeka #MerdekaBelajar https://t.co/8lnLgrQOIX","1584811273656885248","https://pbs.twimg.com/media/Ff5hc6mVIAA7ubW.jpg","","in","Jakarta Capital Region, Indonesia","3","3","67","https://x.com/litbangdikbud/status/1584811273656885248","3315015127","litbangdikbud"
"1698713017247236174","Mon Sep 04 15:01:58 +0000 2023","563","Di buku teks Matematika #kurikulummerdeka udah bener ya konsepnya belajar tempat bilangan dulu sebelum bisa pengurangan bersusun. Ini pelajaran kelas 1 dan kelas 2 SD. Unduh gratis buku teks: https://t.co/MmUHIAcWkG https://t.co/Q1krbsHO5O","1698713017247236174","https://pbs.twimg.com/media/F5MKeeabAAAh_Hb.jpg","","in","Jakarta ","18","6","152","https://x.com/adekumala/status/1698713017247236174","30654287","adekumala"
"1699285801815929120","Wed Sep 06 04:58:01 +0000 2023","307","KURIKULUM MERDEKA . . Jadi gurunya merdeka melakukan hal¬≤ kreatif terhadap peserta didiknya. . . Keren Damn !!!! | @Kemdikbud_RI https://t.co/YxCFwPtryO","1699285801815929120","https://pbs.twimg.com/ext_tw_video_thumb/1699285751001960448/pu/img/nm6SAsumdDrJ6_Nw.jpg","","in","Wherever you're not lookin'","9","84","147","https://x.com/__AnakKolong/status/1699285801815929120","1159689173340585984","__AnakKolong"
"1772780006277787903","Wed Mar 27 00:47:28 +0000 2024","385","Gak perlu pindah negara ke Jerman atau Australia. Indonesia sekarang punya kurikulum yg fokus pada materi esensial sehingga anak2 bisa belajar dg lebih mendalam. Insyaallah hari ini Kurikulum Merdeka akan ditetapkan sebagai kurikulum nasional. Simak di: https://t.co/SfmMycbw6R https://t.co/Ly3t5CQpBn","1772787488970707112","https://pbs.twimg.com/media/GJo003xaQAACcRi.jpg","adekumala","in","Jakarta ","63","14","27","https://x.com/adekumala/status/1772787488970707112","30654287","adekumala"
"1859428160561086930","Thu Nov 21 02:46:34 +0000 2024","104","Kita bicara Merdeka Belajar tetapi kurikulum terjebak sebagai pelayan pasar dan mencetak pekerja patuh. Tanpa kesadaran kritis Merdeka Belajar hanya kebebasan semu dan melanggengkan ketimpangan. Mungkin saatnya kita bicara Pendidikan Kritis.","1859428160561086930","","","in","","5","2","33","https://x.com/fristian_h/status/1859428160561086930","83100171","fristian_h"
"1542530272716922883","Thu Jun 30 15:27:30 +0000 2022","304","ibuku abis workshop ttg kurikulum merdeka katanya 1. kls 10 bljr semua mapel gk ada mapel minat 2. kls 11 pilih mapel. kalo jurusan kuliahnya saintek harus pilih 3 mapel wajib saintek + 2 mapel soshum. bgitu jg kebalikannya 3. kelas 12 lanjutin materi yg udh dipilih itu.","1542530272716922883","","","in","","29","9","44","https://x.com/studjellyca/status/1542530272716922883","1539604772470214656","studjellyca"
"1682216343498817537","Fri Jul 21 02:30:05 +0000 2023","80"," gimana pendapat kalian tentang kurikulum merdeka?? https://t.co/ECGerozQUZ","1682216343498817537","https://pbs.twimg.com/media/F1hu2TAagAEeoIY.jpg","","in","Indonesia","9","32","3","https://x.com/tanyarlfes/status/1682216343498817537","1371650588","tanyarlfes"
"1870264055522570297","Sat Dec 21 00:24:33 +0000 2024","0","tukeran/barter jawaban GO expert kelas 12 kurikulum merdeka yuk #studytwt #AMBISVERSE","1870264055522570297","","","in","Swisttal, Deutschland","0","8","0","https://x.com/goingptn/status/1870264055522570297","1689454265180545025","goingptn"
"1848572122236666176","Tue Oct 22 03:48:33 +0000 2024","583","Abdul Mu ti akan Evaluasi Kurikulum Merdeka Belajar PPDB Zonasi dan Peniadaan UN https://t.co/E6hbadLyzX","1848572122236666176","","","in","Indonesia","8","29","152","https://x.com/geloraco/status/1848572122236666176","3319260420","geloraco"
"1699289158269939858","Wed Sep 06 05:11:21 +0000 2023","700","KURIKULUM MERDEKA ? Di sekolah - sekolah negeri di Indonesia peserta didik yang perempuan wajib berjilbab kah ? . . | @Kemdikbud_RI https://t.co/SamYfj8stF","1699289158269939858","https://pbs.twimg.com/ext_tw_video_thumb/1699289087109480448/pu/img/yqQf6gQ1UTT1r0Ni.jpg","","in","Wherever you're not lookin'","18","91","184","https://x.com/__AnakKolong/status/1699289158269939858","1159689173340585984","__AnakKolong"
"1872256214635352319","Thu Dec 26 12:20:41 +0000 2024","22","Penampakan Anak SMK kelas 10 hr ini adalah Hasil Warisan lulusan SD pandemi 2020 dgn privilage 100% lulus. PLUS kurikulum merdekanya @nadiemmakarim yg BENAR2 merdeka alias DIKONDISIKAN BODOH. ‚ÄçÔ∏è Udah gini masih ikut siap2 buat Pandemi lagi Pak @prabowo ?!!! @StopPlandemit https://t.co/ioXyL9KpgA","1872256214635352319","https://pbs.twimg.com/media/GfuWBwiagAAlKGY.jpg","","in","earth üáÆüá©","0","2","11","https://x.com/ThatSun510/status/1872256214635352319","1501741769306021890","ThatSun510"
"1266017635688308738","Thu May 28 14:45:00 +0000 2020","433","Mentri Agama mendatangi kantor MUI tekanan utk menerapkan Madrasah hrs ada kurikulum Bahasa Mandarin..Sepertinya jelas arahnya kemana. Pelan-pelan Indonesia arahnya akan merubah ideologi menjadi Komunis ala China spt Tibet dan Angola https://t.co/PBkmg9ulQZ","1266017635688308738","https://pbs.twimg.com/ext_tw_video_thumb/1266017586900156416/pu/img/CjA0eVlkFBo8dxZW.jpg","","in","","48","116","280","https://x.com/RahayuSuzana/status/1266017635688308738","1255362367250141185","RahayuSuzana"
"1806273562849968604","Thu Jun 27 10:44:40 +0000 2024","292","memanggil tmn2 yg lagi nyari buku Kurikulum Merdeka!! di SIBI ada buku2 kurikulum merdeka termasuk audio book-nya juga. Karena resmi dari Kemendikbud jadi bisa dijadiin referensi untuk belajar dan cari materi. semoga bermanfaat ya buat yg lagi nyari buku2 buat belajar! https://t.co/vnmJumvy3c","1806277460964827627","https://pbs.twimg.com/media/GREvxUragAAx23R.jpg","elisabetguwanto","in","","2","4","35","https://x.com/elisabetguwanto/status/1806277460964827627","1227757053000601601","elisabetguwanto"
"1848695851075637597","Tue Oct 22 12:34:26 +0000 2024","2100","@kegblgnunfaedh Metode pembelajaran Kurikulum merdeka memang menekankan pada kreativitas dan keterampilan berpikir kritis serta mandiri siswa. guru hanya sebagai pengantar materi. Materi sah sah aja diambil dari berbagai sumber dan selanjutnya tugas siswa untuk nenelaah.","1848704463647002637","","kegblgnunfaedh","in","Bogor Selatan, Indonesia","11","79","57","https://x.com/8Travelers/status/1848704463647002637","1826201671908896768","8Travelers"
"1693197181199757788","Sun Aug 20 09:44:00 +0000 2023","13","Kurikulum merdeka itu letak merdekanya dimana ya? ","1693197181199757788","","","in","Indonesia","7","11","3","https://x.com/tanyarlfes/status/1693197181199757788","1371650588","tanyarlfes"
"1750501090037305501","Thu Jan 25 12:49:17 +0000 2024","7"," guyss kalian yg SMA nya pake kurikulum merdeka kepusingan juga ga sih ama tugas?? https://t.co/C2MwhMmpUL","1750501090037305501","https://pbs.twimg.com/media/GEsHdpea4AAE0GM.jpg","","in","Indonesia","2","0","2","https://x.com/tanyarlfes/status/1750501090037305501","1371650588","tanyarlfes"
"1502504821253111810","Sat Mar 12 08:00:30 +0000 2022","203","@Parapparaa @manusiaintrover Sekolah Penggerak adalah sekolah yang pertama kali mengadopsi kurikulum merdeka. Seleksinya melalui kepala sekolah yang mau melakukan transformasi pembelajaran.","1502555115156246529","","Parapparaa","in","Jakarta ","6","3","34","https://x.com/adekumala/status/1502555115156246529","30654287","adekumala"
"1847165748466405429","Fri Oct 18 06:40:07 +0000 2024","231","Podcast saya dengan kompas mengenai implementasi Kurikulum Merdeka dan masalah-masalahnya di lapangan: https://t.co/Z8YBkhWA9w","1847165748466405429","","","in","","0","4","61","https://x.com/zanatul_91/status/1847165748466405429","88120377","zanatul_91"
"1865634652930945390","Sun Dec 08 05:48:57 +0000 2024","7","info yang bisa realtime joki kimia kls 11 kurikulum merdeka yang tidak memakai AI #zonaba #zonauang #zonajajan","1865634652930945390","","","in","","1","41","1","https://x.com/yaya_urlove/status/1865634652930945390","1450904196207628288","yaya_urlove"
"1650005329361645569","Sun Apr 23 05:15:00 +0000 2023","0"," kalau kurikulum merdeka butuh laptop bgt ga siii??","1650005329361645569","","","in","Indonesia","0","0","0","https://x.com/tanyarlfes/status/1650005329361645569","1371650588","tanyarlfes"
"1821073831471071681","Wed Aug 07 06:40:09 +0000 2024","8"," kalo bhs inggris nya Kurikulum Merdeka itu apa ya? ada yg tau?","1821073831471071681","","","in","Indonesia","1","12","0","https://x.com/tanyarlfes/status/1821073831471071681","1371650588","tanyarlfes"
"1839199229392363643","Thu Sep 26 07:04:01 +0000 2024","411","Selama 5 tahun kebijakan PPG kurikulum guru penggerak sekolah penggerak dan RUU Sisdiknas kampus keguruan (LPTK) jarang dilibatkan. Saya masih ingat para dosen dan guru besar banyak yang tidak tahu kurikulum merdeka dan RUU Sisdiknas karena LPTK memang minim dilibatkan.","1839199229392363643","","","in","","6","10","146","https://x.com/zanatul_91/status/1839199229392363643","88120377","zanatul_91"
"1736699015956463760","Mon Dec 18 10:44:46 +0000 2023","1"," guys kurikulum merdeka ttp ada siswa eligible kan?","1736699015956463760","","","in","Indonesia","0","4","0","https://x.com/tanyarlfes/status/1736699015956463760","1371650588","tanyarlfes"
"1746525385238733227","Sun Jan 14 13:31:15 +0000 2024","6"," W SEBEL SM BEBAN KELOMPOK ANJENKKKKKKK KURIKULUM MERDEKA KNP KELOMPOK MULU SIH TUGASNYA SYALAN","1746525385238733227","","","in","Indonesia","1","2","0","https://x.com/tanyarlfes/status/1746525385238733227","1371650588","tanyarlfes"
"1871785509808140578","Wed Dec 25 05:10:16 +0000 2024","0","Sch! guys snbp nanti kan perlu mapel pendukung semester 1-5 sedangkan kurikulum merdeka ini baru belajar mapelnya di kelas 11. aku mau ambil jurusan yang mapel pendukungnya mtk lanjut sedangkan di kelas 10 semester 1 dan 2 gaada mapel itu jadi gimana yaa?","1871785509808140578","","","in","Kirim Menfess üëáüèª","1","5","0","https://x.com/schfess/status/1871785509808140578","1201673806156161025","schfess"
"1868484877085233275","Mon Dec 16 02:34:44 +0000 2024","0","kurikulum merdeka aneh","1868484877085233275","","","in","any","0","0","0","https://x.com/kalengsardien/status/1868484877085233275","1097327783217250304","kalengsardien"
"1672078271977242626","Fri Jun 23 03:05:00 +0000 2023","2"," adek ak pake kurikulum merdeka nah dia udh naik kls 11 minta les katanya biar dpt ptn mending les nya pas kls 12 aja gasih? dia tadi dpt rangking 19 gituu","1672078271977242626","","","in","Indonesia","0","18","0","https://x.com/tanyarlfes/status/1672078271977242626","1371650588","tanyarlfes"
"1840249324082442408","Sun Sep 29 04:36:43 +0000 2024","376","Video 1: Kurikulum Finlandia. Video 2: Kurikulum Merdeka.","1840249324082442408","","","in","Milky way, Sol, Earth, Cinere","3","2","167","https://x.com/kamentrader/status/1840249324082442408","75786723","kamentrader"
"1841790299959627809","Thu Oct 03 15:45:45 +0000 2024","708","@BarisanPemudaRI Kurikulum Merdeka. Muridnya merdeka bebas. Bebas mau ngerti apa nggak tetep bakal naik kelas dan lulus tepat waktu. Yeay! Itu belom ditanyain kepanjangan BPUPKI sm PPKI bisa2 PKI nya jadi partai yg onoh~ ","1841867242734264358","","BarisanPemudaRI","in","üçâ","6","24","51","https://x.com/4Sehat_5Scopus/status/1841867242734264358","178443335","4Sehat_5Scopus"
"1686714786736705536","Wed Aug 02 12:25:17 +0000 2023","3"," ADA YANG PUNYA CATATAN MATERI SENI TARI KELAS 10 KURIKULUM MERDEKA GA YA?? SENDER BUTUH BGT SOALNYA T___T","1686714786736705536","","","in","Indonesia","0","0","0","https://x.com/tanyarlfes/status/1686714786736705536","1371650588","tanyarlfes"
"1830110886108836336","Sun Sep 01 05:10:11 +0000 2024","6"," Kurikulum merdeka buat SD itu pas pembagian raport ada sistem rangking nggak ya? Tia!","1830110886108836336","","","in","Indonesia","1","13","0","https://x.com/tanyarlfes/status/1830110886108836336","1371650588","tanyarlfes"
"1683632426814435328","Tue Jul 25 00:17:05 +0000 2023","3"," guyss ada yang punya materi geografi kelas 11 kurikulum merdeka ga? Aku nyari ga nemu kalau ada yang nemu tolong kirim Kalau OOT bilang ya biar Aku td","1683632426814435328","","","in","Indonesia","0","3","1","https://x.com/tanyarlfes/status/1683632426814435328","1371650588","tanyarlfes"
"1872825912200446434","Sat Dec 28 02:04:27 +0000 2024","0","Salah satu perwujudan kurikulum merdeka","1872825912200446434","","","in","Semarang, Jawa Tengah","0","0","0","https://x.com/adventinizer/status/1872825912200446434","432156675","adventinizer"
"1690909075364786176","Mon Aug 14 02:11:53 +0000 2023","0"," gess ada yg tau ga paket mapel di kurikulum merdeka itu ada apa ajaa?","1690909075364786176","","","in","Indonesia","0","0","0","https://x.com/tanyarlfes/status/1690909075364786176","1371650588","tanyarlfes"
"1577143625976193024","Tue Oct 04 03:48:37 +0000 2022","3"," beliau ini belum pernah dengar keluhan siswa kurikulum merdeka kah? https://t.co/0d8ak65ssH","1577143625976193024","https://pbs.twimg.com/media/FeMjxIRaYAAk4Ef.jpg","","in","Indonesia","5","14","0","https://x.com/tanyarlfes/status/1577143625976193024","1371650588","tanyarlfes"
"1632342695355240450","Sun Mar 05 11:30:00 +0000 2023","82"," gatau kenapa sender ngerasa semenjak kurikulum merdeka banyak kerja kelompok kalian gitu juga ga? https://t.co/eFm3Zwz0uo","1632342695355240450","https://pbs.twimg.com/media/Fqc-BYPaUAAfJHk.jpg","","in","Indonesia","3","19","16","https://x.com/tanyarlfes/status/1632342695355240450","1371650588","tanyarlfes"
"1628269606644383744","Wed Feb 22 05:45:00 +0000 2023","6","guys ada yang mau bantu ngisi kuisioner tentang kurikulum merdeka buat makalah sender ngga? rep aja yaa nanti aku ketuk dm nyaa https://t.co/buM4N3EMFj","1628269606644383744","https://pbs.twimg.com/media/FpjGYFWaEAIGtrH.png","","in","Indonesia","2","5","1","https://x.com/tanyarlfes/status/1628269606644383744","1371650588","tanyarlfes"
"1558791555041103872","Sun Aug 14 12:24:02 +0000 2022","1"," kurikulum merdeka merdekanya kapan?","1558791555041103872","","","in","Indonesia","0","4","0","https://x.com/tanyarlfes/status/1558791555041103872","1371650588","tanyarlfes"
"1557014478126219269","Tue Aug 09 14:42:34 +0000 2022","0"," sekola kalian nerapin kurikulum merdeka gak?","1557014478126219269","","","in","Indonesia","0","7","0","https://x.com/tanyarlfes/status/1557014478126219269","1371650588","tanyarlfes"
"1645910847334797313","Tue Apr 11 22:05:00 +0000 2023","6","Tanyarl Hogwarts pake kurikulum merdeka gak?","1645910847334797313","","","in","Indonesia","2","7","1","https://x.com/tanyarlfes/status/1645910847334797313","1371650588","tanyarlfes"
"1587309254632828930","Tue Nov 01 05:03:11 +0000 2022","0"," yg kurikulum merdeka kalian udh ngerjain projek apa aja","1587309254632828930","","","in","Indonesia","0","0","0","https://x.com/tanyarlfes/status/1587309254632828930","1371650588","tanyarlfes"
"1593243844501381127","Thu Nov 17 14:05:08 +0000 2022","0"," kalian yang kelas 10 capek gak ngerjain project kurikulum merdeka? ","1593243844501381127","","","in","Indonesia","0","0","0","https://x.com/tanyarlfes/status/1593243844501381127","1371650588","tanyarlfes"
"1569294782144585729","Mon Sep 12 12:00:06 +0000 2022","1"," Sumpah kurikulum merdeka buat gua stress anjirttt stiap hari presentasi mlu","1569294782144585729","","","in","Indonesia","0","1","0","https://x.com/tanyarlfes/status/1569294782144585729","1371650588","tanyarlfes"
"1563649885127077891","Sat Aug 27 22:09:18 +0000 2022","0"," guys yg kls 10 kurikulum merdeka skrg pake zenius worth aja kah? aku dah telanjur beli","1563649885127077891","","","in","Indonesia","0","0","0","https://x.com/tanyarlfes/status/1563649885127077891","1371650588","tanyarlfes"
"1550705397782065152","Sat Jul 23 04:52:32 +0000 2022","0","kurikulum merdeka maksudnya gmn ya? aku udh search gugel msh bingung jg. makasih ","1550705397782065152","","","in","Indonesia","0","0","0","https://x.com/tanyarlfes/status/1550705397782065152","1371650588","tanyarlfes"
"1772736132574228958","Wed Mar 27 00:25:10 +0000 2024","3195","@VindhTR Timeline Kurikulum Merdeka: Kelas 1: jualan nyari laba Kelas 2: belajar nyatet hasil jualan ke jurnal Kelas 3: belajar jurnal umum dan inventory Kelas 4: menghitung HPP Kelas 5: Bikin ledger Kelas 6: bikin lapkeu Abis lulus langsung kasih toga dan magang di Big4 / multi ","1772781877046436314","","VindhTR","in","The Greater Bekasi","91","24","312","https://x.com/harianrayen/status/1772781877046436314","1354619247163400193","harianrayen"
"1605352351568580610","Wed Dec 21 00:00:01 +0000 2022","4","Pro-kontra kalian dalam kurikulum merdeka belajar maupun kurikulum 2013 apa guys? Sebagai guru murid maupun ortu ","1605352351568580610","","","in","Indonesia","0","2","0","https://x.com/tanyarlfes/status/1605352351568580610","1371650588","tanyarlfes"
"1869950451619443100","Fri Dec 20 03:38:24 +0000 2024","1","hai all aku mau tanya.. ada ga dari kalian yang sekolahnya udah kurikulum merdeka (ada yg udah lulus tahun ini) tapi mata pelajaran peminatannya baru dari kelas 11? jadi pas kelas 10 belajar semua mapel (ipa ips umum). Pembobotan nilainya gimana ya?","1869950451619443100","","","in","","0","3","0","https://x.com/ooarsyaff/status/1869950451619443100","1825129447311491072","ooarsyaff"
"1580431812920487937","Thu Oct 13 05:34:41 +0000 2022","0"," Halo! Boleh minta tolong isi kuesioner aku? Kriterianya siswa/i SMA yang kena kurikulum merdeka terima kasihh ‚ÄçÔ∏è‚ÄçÔ∏è","1580431812920487937","","","in","Indonesia","0","0","0","https://x.com/tanyarlfes/status/1580431812920487937","1371650588","tanyarlfes"
"1699061177693954050","Tue Sep 05 14:05:26 +0000 2023","2"," sender anak kurikulum merdeka asli pusing banget. mana full gambar kemarin. hari ini dan besok full makalah sender bisa gila ","1699061177693954050","","","in","Indonesia","0","3","0","https://x.com/tanyarlfes/status/1699061177693954050","1371650588","tanyarlfes"
"1537226316470071297","Thu Jun 16 00:11:28 +0000 2022","0"," aku mau minta saran besok kan aku mau pendaftaran sma menurut kalian mending pilih sekolah yang sudah menerapkan kurikulum merdeka apa belum? terimakasihh","1537226316470071297","","","in","Indonesia","0","0","0","https://x.com/tanyarlfes/status/1537226316470071297","1371650588","tanyarlfes"
"1632016797821194240","Sat Mar 04 13:55:00 +0000 2023","2"," projek kurikulum merdeka ini ga bekerja dgn baik menurutku. kls 10 ada projek kewirausahaan tp ga dapet mapel PKWU. kls 11-12 dapet PKWU tp ga ada projek kurikulum merdeka. menurut kalian gmn?","1632016797821194240","","","in","Indonesia","0","1","0","https://x.com/tanyarlfes/status/1632016797821194240","1371650588","tanyarlfes"
"1796186518341476372","Thu May 30 14:26:52 +0000 2024","260","Seakan tak bosan menimbulkan polemik dan kontroversi kali ini kemendikbudristek pimpinan nadiem kembali membuat heboh. Kemedikbud banyak merekomendasikan karya sastra murahan yang mengumbar adegan seksualitas dan persenggamaan sebagai bahan bacaan secara resmi untuk guru dan https://t.co/JdBYMIUn3C","1796186518341476372","https://pbs.twimg.com/ext_tw_video_thumb/1796186460036481025/pu/img/KvisZD0fdprz_rUQ.jpg","","in","Zimbabwe ","16","101","232","https://x.com/V3g3L/status/1796186518341476372","224431376","V3g3L"
"1866685615414124787","Wed Dec 11 03:25:06 +0000 2024","1","Sch! aku kurikulum merdeka tapi masih IPS gitu mending administrasi publik/manajemen/sosiologi? Nilai rata-rata mapel pendukung 89 Terima kasih ","1866685615414124787","","","in","Kirim Menfess üëáüèª","0","2","0","https://x.com/schfess/status/1866685615414124787","1201673806156161025","schfess"
"1220656840431652865","Fri Jan 24 10:37:24 +0000 2020","424","Mendikbud Nadiem Makarim kembali luncurkan kebijakan Merdeka Belajar di Kantor Kemendikbud Senayan Jakarta Jumat (24/1). Diberi tajuk Kampus Merdeka kali ini terdapat 4 penyesuaian kebijakan di lingkup pendidikan tinggi. #MerdekaBelajar #KampusMerdeka https://t.co/rO3nt0LplX","1220656840431652865","https://pbs.twimg.com/media/EPCk7IlU4AEU90D.jpg","","in","Jakarta","24","19","188","https://x.com/Kemdikdasmen/status/1220656840431652865","631701837","Kemdikdasmen"
"1693605107886354549","Mon Aug 21 12:44:58 +0000 2023","19"," smenjak kurikulum merdeka gua jdi tkut sekolah bejir rasanya kaya ga tenang gelisah dan waswas mulu klo mau berangkatÔ∏èÔ∏è","1693605107886354549","","","in","Indonesia","0","16","1","https://x.com/tanyarlfes/status/1693605107886354549","1371650588","tanyarlfes"
"1492135485627826178","Fri Feb 11 14:50:38 +0000 2022","590","Selamat atas peluncuran #KurikulumMerdeka hari ini. Prakarya Nino dan tim yang harapannya membuat kegiatan belajar lebih hidup relevan dan menyenangkan. Dapatkan infonya (termasuk kalau mau baca naskah akademiknya) di https://t.co/Unsfb1qWYa *I am a proud wife https://t.co/uqIOxIUR6z","1492149082605092864","https://pbs.twimg.com/media/FLUtrrCaUAEJQgF.jpg","adekumala","in","Jakarta ","13","15","79","https://x.com/adekumala/status/1492149082605092864","30654287","adekumala"
"1719678359800877319","Wed Nov 01 11:30:45 +0000 2023","7"," abis kena culture shock ngajar bocil sd kurikulum merdeka. : di sekolah dipraktekin ga caranya? : engga kak : cuma diajarin di papan tulis berarti? : iya : tp temen¬≤ km paham semua materinya? : engga ","1719678359800877319","","","in","Indonesia","1","4","0","https://x.com/tanyarlfes/status/1719678359800877319","1371650588","tanyarlfes"
"1731585683649867954","Mon Dec 04 08:06:12 +0000 2023","1","Tanyarl Halo temen-temen aku mau minta tolong isiin survey untuk tugas kurikulum merdeka (harus dapet lebih dari 50 responden) linknya aku taro di comment yaa!! terimakasih temenn","1731585683649867954","","","in","Indonesia","0","2","0","https://x.com/tanyarlfes/status/1731585683649867954","1371650588","tanyarlfes"
"1762338036795441327","Tue Feb 27 04:45:05 +0000 2024","0","Buat kalian para guru enakan ngajar zaman kurtilas atau kurikulum merdeka? ","1762338036795441327","","","in","Indonesia","0","0","1","https://x.com/tanyarlfes/status/1762338036795441327","1371650588","tanyarlfes"
"895155391448985603","Wed Aug 09 05:30:51 +0000 2017","110","Mendikbud: 5 hari sekolah 8 jam sehari bukan bagi siswa https://t.co/8qyXddApBN #BeritaDikbud #CerdasBerkarakter https://t.co/CKmJUAhCE0","895155391448985603","https://pbs.twimg.com/media/DGw6_38XYAAYKGP.jpg","","in","Jakarta","9","29","77","https://x.com/Kemdikdasmen/status/895155391448985603","631701837","Kemdikdasmen"
"1864111864650846611","Wed Dec 04 00:57:56 +0000 2024","0","Berhubung aku gak punya anak aku sih memandang kurikulum merdeka sebagai salah satu terobosan di dunia pendidikan yang tepat guna mulia dan patut dipujikan.","1864111864650846611","","","in","","0","1","0","https://x.com/8eatr/status/1864111864650846611","200089753","8eatr"
"1867941110976508317","Sat Dec 14 14:34:00 +0000 2024","2","daftar isi buku mtk kelas 5 kurikulum merdeka bagus bgt ya","1867941110976508317","","","in","","0","2","0","https://x.com/put30107982/status/1867941110976508317","1540358258505895936","put30107982"
"1773096721045696790","Wed Mar 27 21:16:15 +0000 2024","629","Kurikulum Merdeka dianggap bakal bikin anak2 jadi progresif risk taker strategic thinker bla.. bla.. bla. Benerin tuh concept mastery baru integrated knowledge &amp; transfer. Set dah ibaratnya passing aja belum bener udah ngomongin pressing dan high defense line. Keblinger.","1773096721045696790","","","in","Milky way, Sol, Earth, Cinere","25","10","161","https://x.com/kamentrader/status/1773096721045696790","75786723","kamentrader"
"1776090959421624542","Fri Apr 05 03:34:17 +0000 2024","2"," Guys kalian di sini ada yang sekarang kelas 12 &amp; pake kurikulum merdeka gak? Kalau ada sistem eligible nya gmna ya soalnya kan mapelnya dicampur/milih sendiri","1776090959421624542","","","in","Indonesia","0","0","1","https://x.com/tanyarlfes/status/1776090959421624542","1371650588","tanyarlfes"
"1774703123929715079","Mon Apr 01 07:39:31 +0000 2024","621","1. Pelajaran sejarah tak lagi wajib. 2. Pramuka bukan lagi ekstra kurikuler wajib 3. Anak SMP tapi perkalian dasar (di bawah 10) saja belum bisa &amp; belum hapal jangan tanya jika dihadapkan dg persamaan kuadrat. Lalu apa yg mau dituju dari Kurikulum Merdeka?","1774703123929715079","","","in","KBM | DPK","57","90","189","https://x.com/marufins/status/1774703123929715079","740782668","marufins"
"1869949304787611782","Fri Dec 20 03:33:50 +0000 2024","13","Abis bagi rapot langsung Cuz ya kak Alhamdulillah nilai Rapot td 90an keatas semua. Walau kelas 2 ni kurikulum merdeka gak dikasih tau lg peringkat nya tp klo diliat nilai tinggi sekali. Alhamdulillah belajar lg kk. https://t.co/KLBCjyNAPg","1869949304787611782","https://pbs.twimg.com/media/GfNk1hhasAIwvuj.jpg","","in","Kota Palembang, Sumatera Selat","0","4","0","https://x.com/keyshacutt/status/1869949304787611782","1614501075117314048","keyshacutt"
"1832917089927229926","Sun Sep 08 23:01:02 +0000 2024","214","Berapi-api JK Kritik Habis Nadiem dan Kurikulum Merdeka Semprot soal Ujian Nasional: Merdeka Apanya Belajar Juga Tidak: Saat mengkritik Nadiem JIK menjelaskan Kurikulum Merdeka yang memberikan kebebasan belajar tanpa adanya ujian tidak akan https://t.co/nuGAn2JWz8 https://t.co/4OtdJSN1tg","1832917089927229926","https://pbs.twimg.com/media/GW_UYWMagAAo31p.jpg","","in","Pulo Gadung, Indonesia","8","30","70","https://x.com/tvOneNews/status/1832917089927229926","55507370","tvOneNews"
"1868044741260320869","Sat Dec 14 21:25:47 +0000 2024","16","Kira-kira guru-guru masih coba untuk belajar &amp; mempraktikkan kurikulum merdeka atau menunggu kurikulum baru? Ya karena ada isu deep learning sbg kurikulum hehe. Sbnarnya yg penting adalah hasrat belajar fokus mendampingi siswa dan bareng2 dg komunitas guru di skolah tumbuh.","1868044741260320869","","","in","Semarang ","1","2","3","https://x.com/edisubkhan/status/1868044741260320869","33208232","edisubkhan"
"1829871762987000317","Sat Aug 31 13:20:00 +0000 2024","289","Malaya Merdeka majalah Merdeka terbitan Jakarta turut merayakan kemerdekaan Malaya 31 Agustus 1957. Potret Tengku Tunku Abdul Rahman sang Bapak Kemerdekaan menghiasi sampul depan. Profil Malaya ditulis penuh bunga lengkap dg lakaran kibaran bendera negara baru tsb. https://t.co/olZkR3rIHt","1829871762987000317","https://pbs.twimg.com/media/GWT-vEaWsAIFhfP.jpg","","in","","6","6","129","https://x.com/potretlawas/status/1829871762987000317","828754122115395584","potretlawas"
"1872286199190282377","Thu Dec 26 15:10:24 +0000 2024","9","@JHPrabowo Ya Allah kurikulum merdeka Level tertinggi utk sakit kepala Kdg udah merem jam 11 mlm tiba2 bocil ketuk pintu Mah maaf td aku lupa besok suruh bawa ini itu ono anu Mnding klo smua msh bisa kebeli pas pagi ato msh bisa disiapkan Klo ga y surat dokter jalan ninjaku Gusti","1872298928068284744","","JHPrabowo","in","di hatimu yanküë©‚Äç‚ù§Ô∏è‚Äçüë®üíç","0","2","0","https://x.com/AiraNtieReal/status/1872298928068284744","1428002673815482369","AiraNtieReal"
"1867051615792050632","Thu Dec 12 03:39:28 +0000 2024","1","Siswa SMA yang lulus periode tahun depan menjadi angkatan pertama kelulusan Kurikulum Merdeka. Sekolah tengah mempersiapkan diri terkait kebijakan anyar jalur Seleksi Nasional Berbasis Prestasi (SNBP) 2025. Kuota masing-masing sekolah bakal diumumkan pada Sabtu (28/12). Guru https://t.co/HC6Zf3uAZk","1867051615792050632","https://pbs.twimg.com/media/GekZijIaEAQS3Na.jpg","","in","Jakarta","0","0","0","https://x.com/jawapos/status/1867051615792050632","2392460208","jawapos"
"1866821542903967872","Wed Dec 11 12:25:14 +0000 2024","15","sch! sender kurmer (kurikulum merdeka) dominan soshum. kira2 bisa gak ya snbp linjur ke saintek geo ugm?? katanya snbp sekarang gabisa linjur. makasih yang udah mau jawab!","1866821542903967872","","","in","Kirim Menfess üëáüèª","1","5","1","https://x.com/schfess/status/1866821542903967872","1201673806156161025","schfess"
"1871470731726561501","Tue Dec 24 09:36:22 +0000 2024","2","@bonapasogit24 @DS_yantie Di Kurikulum Merdeka gak ada Lae tersedia mapel pilihan mulai kelas XI sesuai minat siswa Tapi sulit diterapkan keterbatasan SDM dan Sarpras","1871490091073581298","","bonapasogit24","in","","0","1","0","https://x.com/OmpungGuru/status/1871490091073581298","1362017926304309248","OmpungGuru"
"1292333502650707968","Sun Aug 09 05:34:52 +0000 2020","175","#SahabatDikbud sudah tahu tentang penyesuaian kebijakan pembelajaran di masa pandemi Covid-19? Dalam perubahan Surat Keputusan Bersama (SKB) Empat Menteri izin pembelajaran tatap muka diperluas ke zona kuning dari semula hanya zona hijau. #MerdekaBelajar #BersamaHadapiKorona https://t.co/UQbNHm95Fe","1292333502650707968","https://pbs.twimg.com/media/Ee9KcSgUcAAWCgS.jpg","","in","Jakarta","6","3","93","https://x.com/Kemdikdasmen/status/1292333502650707968","631701837","Kemdikdasmen"
"1865597436892414001","Sun Dec 08 03:21:04 +0000 2024","0","Perlukah Kurikulum Merdeka Diganti? https://t.co/0kJmq3ulYo #vstory","1865597436892414001","","","in","Jakarta","0","0","0","https://x.com/CeritaAnda_/status/1865597436892414001","322508869","CeritaAnda_"
"1863602770420588715","Mon Dec 02 15:14:59 +0000 2024","3","salah satu hasil kurikulum merdeka.. entah buta huruf entah buta entahlah","1863602770420588715","","","in","","0","2","1","https://x.com/tony__stroke/status/1863602770420588715","750367399522689024","tony__stroke"
"1867171229234512250","Thu Dec 12 11:34:46 +0000 2024","4","stud aku bahan percobaan kurikulum merdeka di sekolahku angkatan pertama dan mata pelajaran nya itu dipilihkan sekolah bisa dibilang ga sesuai bidangnya dan kalau aku ga belajar fisika sedangkan mau masuk teknik gmn stud? Ô∏è","1867171229234512250","","","in","kirim menfess üëâ","0","3","0","https://x.com/snbtfess/status/1867171229234512250","1515005472146812932","snbtfess"
"1868521438908465616","Mon Dec 16 05:00:01 +0000 2024","0","Kegiatan Zona Karya dari SMP Negeri 1 Aranday didukung penuh oleh Tangguh LNG dan SKK Migas untuk mendorong siswa berinovasi dan menghargai lingkungan serta budaya lokal. Program ini merupakan bagian dari implementasi Kurikulum Merdeka melalui Proyek Penguatan Profil Pelajar https://t.co/SiLObccLzc","1868521438908465616","https://pbs.twimg.com/media/GefPfQQasAAtXvr.jpg","","in","Indonesia","0","0","0","https://x.com/bp_Indonesia/status/1868521438908465616","2739812102","bp_Indonesia"
"1766151512613609964","Fri Mar 08 17:18:28 +0000 2024","659","Jakarta Post 9 Maret 2022 dua tahun lalu. Saat itu Nadiem Makarim menyatakan bahwa kurikulum ini pilihan yang tidak memaksa. Kenyataanya sekolah yang tidak segera menerapkannya segera ditinggalkan oleh semua program kementerian. Kini prediksi terbukti. Paradoks kebebasan semu https://t.co/UGnlxINWdO","1766151512613609964","https://pbs.twimg.com/media/GIKhcEdakAAvbSU.jpg","","in","","6","16","227","https://x.com/zanatul_91/status/1766151512613609964","88120377","zanatul_91"
"1832951264600293594","Mon Sep 09 01:16:50 +0000 2024","408","Berapi-api JK Kritik Habis Nadiem dan Kurikulum Merdeka Semprot soal Ujian Nasional: Merdeka Apanya Belajar Juga Tidak https://t.co/PWkJZXrz0Z","1832951264600293594","","","in","Indonesia","6","42","166","https://x.com/geloraco/status/1832951264600293594","3319260420","geloraco"
"1861248252252954948","Tue Nov 26 03:18:58 +0000 2024","0","40 Soal PAS UAS SAS Informatika Kelas 8 Semester 1 Kurikulum Merdeka Lengkap dengan Link Download PDF https://t.co/yyFMlKCNrb","1861248252252954948","","","in","indonesia","0","0","0","https://x.com/suaramerdeka/status/1861248252252954948","219527452","suaramerdeka"
"1872179833477996991","Thu Dec 26 07:17:10 +0000 2024","0","Joktug! Hallo cari penjoki yg bisa buat Alat evaluasi / assesmen yang biasanya jdi komponen perangkat pembelajaran dalam membuat modul kurikulum merdeka Untuk modul sudah ada Diutamakan yg memang di spess / keahliannya (pgsd) Drop Fee! https://t.co/p2CXgWkMGF","1872179833477996991","https://pbs.twimg.com/media/GftRowIawAA87bN.jpg","","in","Promosi : 13.00-15.00 (max 1x)","0","14","0","https://x.com/Jokitugsfess/status/1872179833477996991","1366638872302526466","Jokitugsfess"
"1870705220608823342","Sun Dec 22 05:37:35 +0000 2024","1","Materi pertama bekal pengetahuan untuk menghadapi tantangan zaman. Kita diajarkan cara untuk mencegah kekerasan menghindari judi online dan menjadi pengguna media sosial yang cerdas. #PelajarPenggerakMerahPutih #PelajarSehatCerdasBerkarakter https://t.co/7w7eracc1O","1870705220608823342","https://pbs.twimg.com/media/GfYUergaAAAzySl.jpg","","in","","0","0","0","https://x.com/mrizqirmdhn/status/1870705220608823342","1806365851769262085","mrizqirmdhn"
"1797222362758402437","Sun Jun 02 11:02:56 +0000 2024","321","Sejak kisruh SKP dalam PMM Desember 2023- Januari 2024 berseliweran pesan berantai semacam ini di grup-grup keguruan. Tapi sampai saat ini pengirim pesan berantai tidak berani menunjukan identitasnya baik tingkat Nasional dinas pendidikan hingga persekolahan. Secara resmi https://t.co/PMUusj2yEz","1797222362758402437","https://pbs.twimg.com/media/GPEENcmbwAA6DbM.jpg","","in","","29","41","124","https://x.com/zanatul_91/status/1797222362758402437","88120377","zanatul_91"
"1744703559046955257","Tue Jan 09 12:51:58 +0000 2024","0"," Gabisa kata guruku beda mapel disekolah dulu dan yg sekarang dan emng iya sekolah aku dulu udah ake kurikulum merdeka sedangkan yg sekarang masih pake kurikulum ipa ips","1744703559046955257","","","in","Indonesia","0","2","0","https://x.com/tanyarlfes/status/1744703559046955257","1371650588","tanyarlfes"
"1865801206733615435","Sun Dec 08 16:50:47 +0000 2024","0","35 Contoh Soal Bahasa Inggris Kelas 5 Semester 1 Kurikulum Merdeka Bisa Jadi Referensi Belajar https://t.co/STkmqTKkkU","1865801206733615435","","","in","iNews Tower","0","0","0","https://x.com/officialinews_/status/1865801206733615435","132078023","officialinews_"
"1832665158239580382","Sun Sep 08 06:19:57 +0000 2024","1100","Begini ceritanya kita berfikir positif bahwa Menteri pendidikan ingin memperbaiki pendidikan Indonesia maka dirubah kurikulum ternyata kurikulumnya sulit difahami maka dibuat program tambahan sekolahnya disesuaikan (SP) dan guru2nya dilatih secara sampling (GP). Untuk","1832665158239580382","","","in","","45","50","487","https://x.com/zanatul_91/status/1832665158239580382","88120377","zanatul_91"
"1872442304767959052","Fri Dec 27 00:40:08 +0000 2024","1","Ngakak ada kurikulum merdeka ","1872442304767959052","","","in","Jakarta Capital Region","0","1","0","https://x.com/ArgentianaA/status/1872442304767959052","1133032747847507968","ArgentianaA"
"1867546767426027877","Fri Dec 13 12:27:01 +0000 2024","0","Guru Kreatif dari Bandar Lampung hingga Jayapura Papua Adu Karya di Lomba Video Inovasi Pembelajaran Kurikulum Merdeka https://t.co/hF43AwqKvG https://t.co/xoIDkuHyb5","1867546767426027877","https://pbs.twimg.com/media/Gerbt54bsAAuf5_.jpg","","in","Kota Malang, Jawa Timur","0","0","0","https://x.com/jatimtimes/status/1867546767426027877","3255296040","jatimtimes"
"1871487655671926953","Wed Dec 25 12:55:01 +0000 2024","4","@curvabax @ndrypd Saya punya adek SD dan pake kurikulum merdeka. Emang setelah saya cek di buku sekolah mereka hampir sejarah dan PKN itu sisipannya gak ada. Bener bener gk ada","1871902469485445551","","curvabax","in","Caratland","0","1","0","https://x.com/fatyaaahj/status/1871902469485445551","1515528563935842305","fatyaaahj"
"1872245956835717528","Thu Dec 26 11:59:46 +0000 2024","2","@rickasun09 Anak Smk kelas 10 hr ini adalah anak2 warisan lulusan sd pandemi 2020 dgn privilage : 100% lulus. Dengan Kurikulum merdekanya @nadiemmakarim YG BENAR2 merdeka dr ilmu dasar alias DIKONDISIKAN BODOH. Tapi coba tanya mereka apa yg viral di TikTok hari ini jago deh. ‚ÄçÔ∏è","1872250953883365391","","rickasun09","in","earth üáÆüá©","0","2","0","https://x.com/ThatSun510/status/1872250953883365391","1501741769306021890","ThatSun510"
"1870387187738673571","Sat Dec 21 08:33:50 +0000 2024","0","50 Contoh Soal UAS PKN Kelas 10 Semester 1 Kurikulum Merdeka Lengkap dengan Jawabannya https://t.co/lMVd8wdi50","1870387187738673571","","","in","iNews Tower","0","0","0","https://x.com/officialinews_/status/1870387187738673571","132078023","officialinews_"
"1871448581485514928","Tue Dec 24 11:27:04 +0000 2024","4","@notyourbae373 @_faisalarifin mjb kak ada tips biar bisa giat belajar/ambis gak? Dlu smp rank 1 terus terus tetiba pas sma tu mulai kurikulum merdeka gurunya kadang jamkos mulu ada yang masuk ga terllu jelas jelasinnya+presentasi mulu. aku beneran bingung bgt.. maaf ya curhat wkwkw","1871517947564564971","","notyourbae373","in","","0","1","0","https://x.com/yrzdhaei/status/1871517947564564971","1632002044335919111","yrzdhaei"
"1871015484101140569","Mon Dec 23 02:10:27 +0000 2024","0","Baru tahu skrg sekolahan gapake kurikulum merdeka lg. Tapi kurikulum Deep Learning wkwk","1871015484101140569","","","in","Depok","0","1","0","https://x.com/sapelauu/status/1871015484101140569","1312946535341072385","sapelauu"
"1842402699012419799","Sat Oct 05 09:32:08 +0000 2024","13905","@NenkMonica @nadiemmakarim kurikulum merdeka tuh kurikulum terngga jelas guru bingung murid bingung menterinya cuma cuap cuap doang lagi","1842497995310530752","","NenkMonica","in","him ","155","81","961","https://x.com/deelvote/status/1842497995310530752","3305636515","deelvote"
"1864325834271805950","Wed Dec 04 15:08:11 +0000 2024","6","Info joki tugas mata pelajaran SOSIOLOGI BUAT PROPOSAL KELAS 10 KURIKULUM MERDEKA HARGA PELAJAR PLEASE INRUSHHHH yang dah open!!! #zonauang #zonajajan·Ö†·Ö† #jokitugas","1864325834271805950","","","in","Bojongsoang, Indonesia","2","41","0","https://x.com/sk_yyy01/status/1864325834271805950","1499089435719131136","sk_yyy01"
"1864165321231216877","Wed Dec 04 04:30:21 +0000 2024","1","sch! gess menurut kalian di kurikulum merdeka ini masih memungkinkan ada siswa yang enggak naik kelas kah?","1864165321231216877","","","in","Kirim Menfess üëáüèª","0","3","0","https://x.com/schfess/status/1864165321231216877","1201673806156161025","schfess"
"1867748904462430371","Sat Dec 14 01:50:14 +0000 2024","0","Penjabat Bupati Lumajang Buka Secara Resmi Expo Gebyar Prestasi Kurikulum Merdeka. Jumat (13/12/2024). selengkapnya: https://t.co/R4rYgjZx8n https://t.co/3knYsBxyDw","1867748904462430371","https://pbs.twimg.com/media/GeuTqUSbsAI_Jsv.jpg","","in","Lumajang, Indonesia","0","0","0","https://x.com/lumajang_kab/status/1867748904462430371","3346124654","lumajang_kab"
"1870739835809390888","Sun Dec 22 07:55:08 +0000 2024","2","sch! nilai yang ga diitung buat rata rata snbp nilai apa aja yaa? yang kurikulum merdeka","1870739835809390888","","","in","Kirim Menfess üëáüèª","0","0","0","https://x.com/schfess/status/1870739835809390888","1201673806156161025","schfess"
"1872256214635352319","Thu Dec 26 13:35:27 +0000 2024","2","@seekracle @BukanAntarkota @hanan052020 @nadiemmakarim @prabowo @StopPlandemit @SumandoGaek @mamakchayank @FirmanSentosa22 @dokter_kampung @BabehAldoAje135 @pongrekundharma @Faraz_kepri Ngatrol nilai dr sebelum kurikulum merdeka pengalaman 3th pernah ngajar smk dan 12 thn ngajar s1. ","1872275030979264744","","seekracle","in","earth üáÆüá©","0","1","0","https://x.com/ThatSun510/status/1872275030979264744","1501741769306021890","ThatSun510"
"1869277727695495291","Wed Dec 18 23:25:39 +0000 2024","55","@RevoNugroho @tanyarlfes korban sistem pendidikan? emg kurikulum merdeka udah dari kapan? 2022 2 tahun lalu di video itu SMA ada beberapa basic knowledge SMP tetep aja dia gatau jawabannya still clear emang bloon aja males gamau belajar apa karena sistem ini semua siswa jadi bego? ada juga yg pinter","1869524457683136726","","RevoNugroho","in","My Location Unknown","0","2","1","https://x.com/urfuturehusbven/status/1869524457683136726","1817452081747558400","urfuturehusbven"
"1827271672627655140","Sat Aug 24 09:08:10 +0000 2024","1975","Lantas apa benar Kurikulum Merdeka menyuruh siswa untuk mencari materi pembelajaran sendiri? https://t.co/j1NrfX4AC0","1827271672627655140","","","in","Jakarta","67","70","298","https://x.com/kompascom/status/1827271672627655140","23343960","kompascom"
"1867117740798198257","Thu Dec 12 08:02:13 +0000 2024","1","Dalam rangka memperingati Hari Jadi ke-769 Kabupaten Lumajang (Harjalu) Dinas Pendidikan dan Kebudayaan (Dindikbud) Lumajang akan menggelar Expo Gebyar Prestasi Kurikulum Merdeka pada 13-15 Desember 2024 di Alun-alun Lumajang. baca selengkapnya: https://t.co/2G12Cm57xm https://t.co/juWCtBSyLi","1867117740798198257","https://pbs.twimg.com/media/GelVr18a0AAaruV.jpg","","in","Lumajang, Indonesia","0","0","0","https://x.com/lumajang_kab/status/1867117740798198257","3346124654","lumajang_kab"
"1868172950333206680","Sun Dec 15 05:55:14 +0000 2024","0","Menbud Fadli Zon Usulkan Pelajaran Sejarah Jadi Wajib Masuk Kurikulum Merdeka https://t.co/DhyV9730V2 lewat @Koran Bogor","1868172950333206680","","","in","Jawa Barat -Indonesia.","0","0","0","https://x.com/martinusnussah/status/1868172950333206680","97858954","martinusnussah"
"1872525784512155735","Fri Dec 27 06:11:51 +0000 2024","0","Sekolah baru punya silup kenapa nggak pake kurikulum merdeka?","1872525784512155735","","","in","Bangkok, Thailand","0","0","0","https://x.com/Lasuardi/status/1872525784512155735","23752147","Lasuardi"
"1872786668782272945","Fri Dec 27 23:28:31 +0000 2024","1","Setelah ga ada kurikulum merdeka mungkin kampus bakal seneng mahasiswanya ga kabur lagi di semeester 7. #BangkitkanTimRobot","1872786668782272945","","","in","Surabaya","0","0","0","https://x.com/ivokun/status/1872786668782272945","62811513","ivokun"
"1868958680286433420","Tue Dec 17 09:57:27 +0000 2024","0","50 Contoh Catatan Wali Kelas Singkat Rapor Kurikulum Merdeka Semester 1 SD-SMA Penuh Motivasi https://t.co/Elmni6Ye3W lewat @tribunnews #rapor #walikelas #kurikulummerdeka","1868958680286433420","","","in","Balikpapan, Indonesia","0","0","0","https://x.com/tribunkaltim/status/1868958680286433420","103551225","tribunkaltim"
"1869241601232654644","Thu Dec 19 09:12:32 +0000 2024","50","@auxiliarywits Banyak temen ku yg ngajar yg gen Alpha dan Beta bakalan lebih ngeri lagi dari gen Z yg skg sudah remaja dan dewasa muda. Kurikulum merdeka si Nadiem bener-bener sistemik rusaknya daripada dampak positif nya. Gk sepenuhnya nyalahin individu tp bener-bener korban dari sistem.","1869672153542725683","","auxiliarywits","in","Wonosobo","2","1","4","https://x.com/chaebarov/status/1869672153542725683","3858586213","chaebarov"
"1770288630147494073","Wed Mar 20 03:17:54 +0000 2024","238","Ibu bapak &amp; kakak2 akademisi di bidang pendidikan ini ada paper terbaru (2024) tentang #MerdekaBelajar anget from the oven baru saja dipresentasikan di World Bank Education Global Practice Seminar. Bisa dibaca diunduh &amp; dikomentari di sini: https://t.co/HbC7NUuL8O https://t.co/yXqcAQ8Zzq","1770288630147494073","https://pbs.twimg.com/media/GJFUIG_agAAcwK9.jpg","","in","Jakarta ","8","4","95","https://x.com/adekumala/status/1770288630147494073","30654287","adekumala"
"1863426720164176138","Mon Dec 02 03:35:25 +0000 2024","0","Berikut kunci jawaban PAI kelas 11 halaman 59 60 61 dan 62 Kurikulum Merdeka Penilaian Pengetahuan Bab 2. https://t.co/rW0FmNS2YM","1863426720164176138","","","in","","0","0","0","https://x.com/Mangakyo2/status/1863426720164176138","1190299116871372800","Mangakyo2"
"1872256214635352319","Thu Dec 26 12:34:55 +0000 2024","3","@ThatSun510 @nadiemmakarim @prabowo @StopPlandemit @SumandoGaek @mamakchayank @seekracle @BukanAntarkota @FirmanSentosa22 @dokter_kampung @BabehAldoAje135 @pongrekundharma @Faraz_kepri Kurikulum merdeka itu baru banget mandatori sekolah pakai kurmer itu juga baru 1-2 thn belakangan.. Sedang anak SMK sekarang (kelas 10).. sdh SD sejak 2014-2015. Pola pendidikan sudah bobrok jauh sblm itu.. Kurmer hanya finishing kebobrokan tsb..","1872259796868681790","","ThatSun510","in","","0","1","0","https://x.com/hanan052020/status/1872259796868681790","1417251642085318663","hanan052020"
"1870082695017177382","Fri Dec 20 12:23:53 +0000 2024","6","Mari bersama-sama membuat pembelajaran yang menarik di kelas kita #kurikulummerdeka #pembelajaranmenarik Source: Instagram @asrulresa_26 https://t.co/cxUBVADsiG","1870082695017177382","https://pbs.twimg.com/ext_tw_video_thumb/1870082640948408322/pu/img/4QYBfklo0T5zhnO2.jpg","","in","","0","1","4","https://x.com/educology_id/status/1870082695017177382","1112818225","educology_id"
"1871575319091818737","Tue Dec 24 15:15:02 +0000 2024","0","baca nih w o r o jirrrr lu guru paud kemang gamau napak liat lingkungan sekitar kalo kurikulum merdeka tuh caur bgtt njinkk nyalahin anak sm org tua yg gasiap. ya emng indo gasiap pake kurikulum giniann","1871575319091818737","","","in","","0","1","0","https://x.com/yooutha/status/1871575319091818737","1017097377813954560","yooutha"
"540837638727409665","Fri Dec 05 11:58:36 +0000 2014","145","Mendikbud @aniesbaswedan menghentikan jalannya kurikulum 2013 bagi sekolah yg br melaksakan 1 semester utk menggunakan kurikulum 2006","540837638727409665","","","in","Jakarta","1","134","2277","https://x.com/Kemdikdasmen/status/540837638727409665","631701837","Kemdikdasmen"
"1563070183073550337","Fri Aug 26 12:08:44 +0000 2022","235","Kurikulum terbaru Kurikulum Merdeka memang memasukkan Bahasa Inggris. Namun berupa mata pelajaran pilihan. Bayangkan jauhnya dgn Malaysia: bahasa PENGANTAR.","1563136358839099395","","arfibambani","in","Jakarta","15","4","28","https://x.com/arfibambani/status/1563136358839099395","71173287","arfibambani"
"1861701534607982976","Wed Nov 27 09:20:09 +0000 2024","0","20 Contoh Soal PAS PJOK Kelas 7 Semester 1 Kurikulum Merdeka Yuk Pelajari! https://t.co/Lzer851J4E","1861701534607982976","","","in","iNews Tower","0","0","0","https://x.com/officialinews_/status/1861701534607982976","132078023","officialinews_"
"1867552599135637508","Fri Dec 13 12:50:11 +0000 2024","0","sch! guys apakah dr kalian ada yang sudah mengisi soal2 buku paket panggelar basa sunda kurikulum merdeka kelas 11? thanks!","1867552599135637508","","","in","Kirim Menfess üëáüèª","0","0","0","https://x.com/schfess/status/1867552599135637508","1201673806156161025","schfess"
"1863533905929978104","Mon Dec 02 10:41:20 +0000 2024","0","50 Soal UAS/PAS/SAS Bahasa Indonesia Kelas 1 Semester 1 Kurikulum Merdeka dan Kunci Jawaban https://t.co/On3WhWPZ9c","1863533905929978104","","","in","Jakarta Barat, DKI Jakarta","0","0","0","https://x.com/SonoraFM92/status/1863533905929978104","180696019","SonoraFM92"
"1870240081468125464","Fri Dec 20 22:49:17 +0000 2024","0","Kurikulum merdeka... Anak jualan dagangannya dibuang.","1870240081468125464","","","in","Jakarta Capital Region","0","0","0","https://x.com/endanghidayat/status/1870240081468125464","81766731","endanghidayat"
"1205042169720918018","Thu Dec 12 08:30:16 +0000 2019","208","Udah pada denger belum kalo ada beberapa perubahan dalam kebijakan pendidikan yang telah disampaikan Menteri Pendidikan dan Kebudayaan (Mendikbud) Nadiem Makarim? @Kemdikbud_RI menerapkan program #MerdekaBelajar dengan 4 kebijakan utama. https://t.co/n0n5LG3sSE","1205042169720918018","https://pbs.twimg.com/media/ELkrdkJUUAEiQNU.jpg","","in","","3","6","78","https://x.com/zeniuseducation/status/1205042169720918018","85751142","zeniuseducation"
"1868835486066000157","Tue Dec 17 01:47:55 +0000 2024","0","MENBUD mengungkapkan harapan agar pelajaran sejarah kembali diwajibkan di sekolah seiring dengan keinginan masyarakat. Meskipun ada Kurikulum Merdeka siswa SD hingga SMA tetap akan diwajibkan mempelajari sejarah. #MorningVoice","1868835486066000157","","","in","Jakarta","0","0","0","https://x.com/BVOICE_RADIO/status/1868835486066000157","74664107","BVOICE_RADIO"
"1862670874278863170","Sat Nov 30 01:31:57 +0000 2024","4","Udah gak ngerti lagi. Yang jelas kurikulum merdeka produknya Nadim Mulyono menghasilkan beberapa anak masuk SMP tapi belum bisa baca ","1862670874278863170","","","in","Planet Mars ","0","1","3","https://x.com/DokFun/status/1862670874278863170","1352115360762236929","DokFun"
"1741757222932361292","Mon Jan 01 13:42:10 +0000 2024","258","Pernah saya sampaikan saat Panja Kurikulum Merdeka di Komisi X bahwa hilangnya materi sejarah peminatan/ berwawasan global sangat kontradiktif dengan gagasan bahwa Kurikulum Merdeka diarahkan pada persaingan global. Dasar untuk bersaing seperti pengetahuan sejarah berwawasan","1741817088799588412","","zanatul_91","in","","3","6","44","https://x.com/zanatul_91/status/1741817088799588412","88120377","zanatul_91"
"1865982203873968232","Mon Dec 09 04:50:00 +0000 2024","0","Pengalaman meneliti secara langsungimplementasi kurikulum merdeka di Jejuseo Middle School Korea Selatan. #Headline https://t.co/VsOBW5cKE8","1865982203873968232","","","in","Indonesia","0","0","0","https://x.com/kompasiana/status/1865982203873968232","23786106","kompasiana"
"1187164417558859776","Thu Oct 24 00:30:28 +0000 2019","398","Karakter kompetensi dan relevansi menjadi fokus Mendikbud Nadiem Makarim. Untuk mewujudkannya diperlukan gotong royong semua pihak. Simak pernyataan lengkap Mendikbud di sini &gt;&gt; https://t.co/pFW4ZTZMKD #BersamaIndonesiaMaju #CerdasBerkarakter https://t.co/o77pVkLERJ","1187164417558859776","https://pbs.twimg.com/media/EHmnvRrU4AAHIYf.jpg","","in","Jakarta","6","18","105","https://x.com/Kemdikdasmen/status/1187164417558859776","631701837","Kemdikdasmen"
"1868223167833243921","Sun Dec 15 09:14:47 +0000 2024","0","Berikut ini adalah beberapa¬†contoh deskripsi rapor Semester 1 (Ganjil) Kurikulum Merdeka jenjang SD SMP dan SMA. Rapor Kurikulum Merdeka tidak hanya sekadar kumpulan angka ... https://t.co/yOQkXw2ezH","1868223167833243921","","","in","Jawa Tengah, Indonesia","0","0","0","https://x.com/MediabagiCom/status/1868223167833243921","1862111080501415936","MediabagiCom"
"1859796111252390247","Fri Nov 22 03:08:40 +0000 2024","3"," Pak ini bukunya gak ada yang lebih update? Hah? Kenapa emang? Presidennya sekarang kan Pak Prabowo? BUKU IPS MU ITU KURIKULUM MERDEKA TERBITAN 2023 BELIAU BAHKAN BELUM ADA DUA BULAN MENJABAAAAAAATTTTT!!!!!","1859796111252390247","","","in","","0","3","0","https://x.com/Yukikaze_D_/status/1859796111252390247","1380833554540552197","Yukikaze_D_"
"1864326626055737475","Wed Dec 04 15:11:19 +0000 2024","0","35 Contoh Soal Matematika Kelas 4 Semester 1 Kurikulum Merdeka Lengkap dengan Jawabannya https://t.co/SlTKxc6Ccq","1864326626055737475","","","in","iNews Tower","0","0","0","https://x.com/officialinews_/status/1864326626055737475","132078023","officialinews_"
"1869586930092179560","Thu Dec 19 03:33:54 +0000 2024","6","Siswa diberi kesempatan gali potensi diri Kurikulum merdeka layak dipertahankan. . #fraksidemokrat #demokrat #demokrats14p #demokratjatim #jawatimur #jatim https://t.co/0nOEVVYrxK","1869586930092179560","https://pbs.twimg.com/media/GfIbZkiboAEuT7H.jpg","","in","","0","0","1","https://x.com/JatimDemokrat/status/1869586930092179560","1359748888014458882","JatimDemokrat"
"1868609081709363598","Mon Dec 16 10:48:16 +0000 2024","0","Hukum Salat Gerhana! Kunci Jawaban PAI Kelas 8 Halaman 94 Kurikulum Merdeka https://t.co/82d3pR8JQu","1868609081709363598","","","in","Ambon","0","0","0","https://x.com/tribunambonnews/status/1868609081709363598","1449955921312960513","tribunambonnews"
"1710537957306745254","Sat Oct 07 10:50:50 +0000 2023","379","@WAPamungkas Padahallll.... Fungsinya kurikulum merdeka salah satunya adalah supaya siswa punya track record baik itu prestasi maupun sebaliknya. Jadi gausah cek2 medsos gini gimana kalo anaknya ga punya medsos mo dipaksain juga?","1710608617496592800","","WAPamungkas","in","","4","0","21","https://x.com/antropolohis/status/1710608617496592800","97671645","antropolohis"
"1847173909294334001","Fri Oct 18 07:18:20 +0000 2024","223","@sekar_malam Inilah hasil dari Kurikulum Merdeka....wes ajuuurrrrr jum.....","1847175365833490820","","sekar_malam","in","","1","53","10","https://x.com/YanuarWicakson9/status/1847175365833490820","1538654354622005248","YanuarWicakson9"
"1860917581835841591","Mon Nov 25 05:25:00 +0000 2024","4","Wakil Menteri Pemberdayaan Perempuan dan Perlindungan Anak (PPPA) Veronica Tan menekankan pentingnya perubahan paradigma dalam pendidikan anak usia dini (PAUD) melalui Kurikulum Merdeka. https://t.co/eRz4KOn90n","1860917581835841591","","","in","Jakarta - Indonesia","0","1","1","https://x.com/mediaindonesia/status/1860917581835841591","68930552","mediaindonesia"
"1862356394739204431","Fri Nov 29 04:42:20 +0000 2024","1","Tujuannya baik sih tapi kok malah jadi bumerang?! Kurikulum Merdeka emang memuat nilai kreatifitas murid dan guru. Sayangnya kurikulum ini bisa jadi bumerang juga bagi para guru. Kok bisa? Cek selengkapnya di sini yuk! https://t.co/G36SVWne9h https://t.co/oGVSaLJ4iG","1862356394739204431","https://pbs.twimg.com/media/GdhrRIrXgAAqLqe.jpg","","in","Indonesia","0","1","1","https://x.com/campaign_id/status/1862356394739204431","1728180828","campaign_id"
"1867747431913599122","Sat Dec 14 01:44:23 +0000 2024","2","Workshop kurmer ini belum tuntas belum juga pada nyantol Uda denger isu2 mo ganti kurikulum lagi Sambutannya semoga kurikulum merdeka bisa mendarah daging. Gimana mau mendarah daging baru disuntik udah ganti obat aja ","1867747431913599122","","","in","Gresik, Indonesia","0","0","0","https://x.com/nrlllizzzz_/status/1867747431913599122","1254759117442310144","nrlllizzzz_"
"1864839124257247618","Fri Dec 06 01:07:48 +0000 2024","0","50 Soal UAS Sejarah Indonesia Kelas 10 Semester 1 dan Kunci Jawaban Terbaru 2024 Kurikulum Merdeka https://t.co/vPj4rwECFl lewat @tribunnews #ujian #uas #sejarah #kelas10 #kuncijawaban #kurikulummerdeka","1864839124257247618","","","in","Balikpapan, Indonesia","0","0","0","https://x.com/tribunkaltim/status/1864839124257247618","103551225","tribunkaltim"
"1870443854773780548","Sat Dec 21 12:34:01 +0000 2024","0","@kw0ngf Klo kurikulum merdeka gitu baru PKL pas kls 12 awal jadi satu semester itu full PKL makanya gak ada dikasih materi dari sekolah klo aku tuh mau les juga susah bagi waktu","1870447631706824844","","kw0ngf","in","","0","1","0","https://x.com/scoupslele/status/1870447631706824844","1840046528880357382","scoupslele"
"1864577669691789347","Thu Dec 05 07:48:53 +0000 2024","0","Inilah soal SAS Matematika kelas 5 semester 1 Kurikulum Merdeka https://t.co/yZW34rLKUD","1864577669691789347","","","in","Balikpapan, Indonesia","0","0","0","https://x.com/tribunkaltim/status/1864577669691789347","103551225","tribunkaltim"
"1869844522412453898","Thu Dec 19 20:37:28 +0000 2024","1","Padahal gen z itu generasi yang paling apes. 2008 disambut krismon. Kurikulum KTSP mendadak diganti K-13 lalu diganti lagi jadi Kurikulum Merdeka. Belom lagi awal 2020 disambut pandemi global imbasnya perusahaan pada bangkrut. Tapi disalahin mulu.","1869844522412453898","","","in","Honolulu, HI","0","1","0","https://x.com/inimaulaa/status/1869844522412453898","1297549974083784705","inimaulaa"
"1870301947359887382","Sat Dec 21 02:55:07 +0000 2024","0","Menbud Fadli Zon Usulkan Pelajaran Sejarah Jadi Wajib Masuk Kurikulum Merdeka https://t.co/DhyV9730V2 lewat @Koran Bogor","1870301947359887382","","","in","Jawa Barat -Indonesia.","0","0","0","https://x.com/martinusnussah/status/1870301947359887382","97858954","martinusnussah"
"1868462065645658148","Mon Dec 16 01:04:05 +0000 2024","0","13 Contoh Deskripsi Rapor Kurikulum Merdeka Semester 1 SD-SMA Catatan Wali Kelas untuk Orang Tua https://t.co/4EsQbtGrHh lewat @tribunnews #deskripsi #rapor #kurikulummerdeka #sekolah #pendidikan","1868462065645658148","","","in","Balikpapan, Indonesia","0","0","0","https://x.com/tribunkaltim/status/1868462065645658148","103551225","tribunkaltim"
"1864968672789565935","Fri Dec 06 09:42:35 +0000 2024","0","Mempelajari Tentang Akikah dan Kurban! Kunci Jawaban PAI Kelas 9 Halaman 105 Kurikulum Merdeka https://t.co/H29HVxAvST","1864968672789565935","","","in","Ambon","0","0","0","https://x.com/tribunambonnews/status/1864968672789565935","1449955921312960513","tribunambonnews"
"1872690667115430028","Fri Dec 27 17:07:02 +0000 2024","0","Kriteria Ketercapaian Tujuan Pembelajaran (KKTP) Bahasa Inggris Kelas 1 SD/MI Fase A Kurikulum Merdeka #kktpkelas1 #kktpbahasainggris #kktpkurikulummerdeka #kriteriaketercapaiantujuanpembelajaran https://t.co/fv61rwWrqG","1872690667115430028","","","in","","0","0","0","https://x.com/abdierablog/status/1872690667115430028","1760637346700218368","abdierablog"
"1742095455910322527","Wed Jan 03 05:19:51 +0000 2024","385","@debordsbitch testimoni gua sbg anak sma kurikulum merdeka percobaan: RIBET ngeluarin duit BANYAK guru jd males ngajar dgn kedok kurikulum merdeka (fakta) tugas banyak tp materi gak nyangkut di otak kejar-kejaran antara akademik sm projek antarsekolah tuh beda-beda ","1742415452490661974","","debordsbitch","in","","19","8","35","https://x.com/swoftiej/status/1742415452490661974","1398162272703246337","swoftiej"
"1868609165092106361","Mon Dec 16 10:48:36 +0000 2024","0","Mempelajari Mikrokontroler! Kunci Jawaban Informatika Kelas 12 Halaman 48 Kurikulum Merdeka Bab 2 https://t.co/ge4v1UyLs6","1868609165092106361","","","in","Ambon","0","0","0","https://x.com/tribunambonnews/status/1868609165092106361","1449955921312960513","tribunambonnews"
"1859205193810002232","Wed Nov 20 12:00:35 +0000 2024","0","nah kan bagus ini Kurikulum Merdeka","1859205193810002232","","","in","√úT: -6.9,107.6","0","0","0","https://x.com/estananto/status/1859205193810002232","94292914","estananto"
"1867557891135484069","Fri Dec 13 13:11:13 +0000 2024","0","50 Soal UAS/PAS IPA Kelas 9 Semester 1 dan Kunci Jawaban Bentuk Pilihan Ganda Kurikulum Merdeka https://t.co/JVHWVHJ9Q5 lewat @tribunnews","1867557891135484069","","","in","Balikpapan, Indonesia","0","0","0","https://x.com/tribunkaltim/status/1867557891135484069","103551225","tribunkaltim"
"1863426770416058843","Mon Dec 02 03:35:37 +0000 2024","0","Berikut kunci jawaban PAI kelas 11 halaman 59 60 61 dan 62 Kurikulum Merdeka Penilaian Pengetahuan Bab 2. https://t.co/ELHVrWg4zK","1863426770416058843","","","in","Indonesia","0","0","0","https://x.com/sorenamoo/status/1863426770416058843","3266658440","sorenamoo"
"1867453397898867074","Fri Dec 13 06:16:00 +0000 2024","0","Untuk membantu Pendidik dalam menerapkan KKTP Eduinesia telah menyediakan link download KKTP Kelas 5 Kurikulum Merdeka Semester 1 &amp; 2. https://t.co/9fmJjeVFar #sekolah #sekolahdasar #kurikulummerdeka","1867453397898867074","","","in","","0","0","0","https://x.com/eduinesia/status/1867453397898867074","1838581241458888705","eduinesia"
"1869682868802171036","Thu Dec 19 09:55:07 +0000 2024","5","Ptn! guys adakah yang punya pengalaman linjur di kurikulum merdeka? coba share di reply dong guys soalnya aku kepikiran buat linjur.. ","1869682868802171036","","","in","RULES üëâ","0","0","1","https://x.com/sbmptnfess/status/1869682868802171036","1205629250423779328","sbmptnfess"
"1860118450691334411","Sat Nov 23 00:29:32 +0000 2024","1","Berkat Kurikulum Merdeka","1860118450691334411","","","in","","0","0","0","https://x.com/politikana/status/1860118450691334411","18660644","politikana"
"1869766641011290171","Thu Dec 19 15:28:00 +0000 2024","0","link download Modul P5 Fase D Kelas 7 8 9 SMP/MTS Kurikulum Merdeka lengkap semua tema yang dapat diunduh secara gratis. https://t.co/68yKwl6nC5 #sekolah #sekolahdasar #kurikulummerdeka","1869766641011290171","","","in","","0","0","0","https://x.com/eduinesia/status/1869766641011290171","1838581241458888705","eduinesia"
"1869277727695495291","Wed Dec 18 23:29:57 +0000 2024","32","@RevoNugroho @tanyarlfes Itu salah satu faktor aja sih tetep kuncinya ya dari belajar sendiri. Gak semua orang juga gara2 kurikulum merdeka jdi gabisa yg ada karena males aja pada gamau belajar pemicunya y kurikulum merdeka ini.","1869525540694262223","","RevoNugroho","in","Seoul, Republic of Korea","0","1","0","https://x.com/airenroseane/status/1869525540694262223","1035044560580173824","airenroseane"
"1793159787670310917","Wed May 22 05:59:43 +0000 2024","291","Jangan sampai kebijakan Kampus Merdeka yang selama ini dilaksanakan rupanya jadi salah satu strategi pemerintah memandulkan gerakan mahasiswa. Orientasi semua mahasiswa jadi kerja magang dan jadi profesional di luar kampus. Jadi males berorganisasi dan jadi aktor gerakan.","1793159787670310917","","","in","West Borneo, Indonesia","11","12","91","https://x.com/namasayamelki/status/1793159787670310917","1083640205318311938","namasayamelki"
"1864320216945315959","Wed Dec 04 14:45:51 +0000 2024","0","40 Soal IPAS Kelas 5 Semester 1 Kurikulum Merdeka dan Kunci Jawabannya Jadikan Latihan Ujian Anak Bun https://t.co/NnAeIolnx0","1864320216945315959","","","in","Indonesia","0","0","0","https://x.com/haibundacom/status/1864320216945315959","864334585860980737","haibundacom"
"1867072146750705779","Thu Dec 12 05:01:02 +0000 2024","0","40 Contoh Soal Agama Kelas 4 Semester 1 Kurikulum Merdeka Beserta Kunci Jawabannya https://t.co/mLgAMBcADR","1867072146750705779","","","in","iNews Tower","0","0","0","https://x.com/officialinews_/status/1867072146750705779","132078023","officialinews_"
"1492728929953583106","Sun Feb 13 05:14:45 +0000 2022","2379","2 hari lalu Kemendikbudristek mengumumkan Platform Merdeka Mengajar. Di platform ini guru Indonesia bisa: Belajar Mengajar Berkarya Yuk bahas behind the scene dan beberapa problem yang kita lagi fokuskan dengan platform ini Thread~ https://t.co/tO1PIIlPMX","1492728929953583106","https://pbs.twimg.com/media/FLcxSmwUUAMJa4y.jpg","","in","Opinion expressed by myself","43","17","541","https://x.com/buditanrim/status/1492728929953583106","190179324","buditanrim"
"1861913554653466897","Wed Nov 27 23:22:38 +0000 2024","0","Contoh Soal Seni Rupa Kelas 4 Semester 1 Kurikulum Merdeka https://t.co/n4hAne09eU","1861913554653466897","","","in","iNews Tower","0","0","0","https://x.com/officialinews_/status/1861913554653466897","132078023","officialinews_"
"1872219480686043326","Thu Dec 26 09:54:43 +0000 2024","0","XeF4 Memiliki Bentuk Molekul dan Hibridisasi . . Jawaban Kimia Kelas 11 Hal 60-62 Kurikulum Merdeka https://t.co/FIXwSfiPpW","1872219480686043326","","","in","Ambon","0","0","0","https://x.com/tribunambonnews/status/1872219480686043326","1449955921312960513","tribunambonnews"
"1778558649872339124","Thu Apr 11 23:00:00 +0000 2024","272","Pada akhir 2021 Kemendikbudristek meluncurkan Wiyata Kinarya Merdeka Belajar (WKMB). Wiyata kinarya merupakan padanan corporate university . Wiyata = pengajaran; pelajaran; kinarya = karya + sisipan -in-. https://t.co/6IdFz5EYok #467","1778558649872339124","","","in","ivanlanin di gmail titik com","2","2","58","https://x.com/ivanlanin/status/1778558649872339124","7300962","ivanlanin"
"1871820003479376113","Wed Dec 25 07:27:20 +0000 2024","0","Kurikulum Merdeka vs Kurikulum Belum Ada Judul https://t.co/5Mr18QWAUN","1871820003479376113","","","in","Makassar","0","0","0","https://x.com/asnawin2011/status/1871820003479376113","242124195","asnawin2011"
"1864274814183330311","Wed Dec 04 11:45:26 +0000 2024","0","40 Soal UAS/PAS PAI Kelas 4 Semester 1 Kurikulum Merdeka dan KunciJawabannya https://t.co/ieqyf0aNQy","1864274814183330311","","","in","Indonesia","0","0","0","https://x.com/haibundacom/status/1864274814183330311","864334585860980737","haibundacom"
"1748538341421879458","Sat Jan 20 02:58:54 +0000 2024","276","Ini ga bisa cuman jadi tugas Kemendikbud doang. Kurikulum Merdeka itu short-term solution in the most literal sense; hanya berlaku selama 3-4 tahun dan itupun masih ga efektif untuk menyelesaikan masalah labor force mismatch. Belum lagi mindset kebijakannya salah; beranggapan","1748540575970963925","","tilehopper","in","In your phone","1","2","40","https://x.com/tilehopper/status/1748540575970963925","1249662133916192768","tilehopper"
"1864988843457548612","Fri Dec 06 11:02:44 +0000 2024","0","Perbedaan Pendapat Doa Qunut dalam Salat Subuh! Kunci Jawaban PAI Kelas 9 Hal 226 Kurikulum Merdeka https://t.co/WHulIffYuW","1864988843457548612","","","in","Ambon","0","0","0","https://x.com/tribunambonnews/status/1864988843457548612","1449955921312960513","tribunambonnews"
"1871977634743386610","Wed Dec 25 17:53:42 +0000 2024","15","Tulisan opini di kumparan yang mengutip pernyataan saya https://t.co/Ca7p6XVVjN","1871977634743386610","","","in","","0","0","2","https://x.com/zanatul_91/status/1871977634743386610","88120377","zanatul_91"
"1871416224699351544","Tue Dec 24 04:42:51 +0000 2024","3","10 tahun kurikulum merdeka gak ada hasilnya.","1871416224699351544","","","in","twitter.com","0","0","1","https://x.com/mulanbilqis/status/1871416224699351544","1138727688","mulanbilqis"
"1831891839575847269","Fri Sep 06 03:07:04 +0000 2024","214","Harry Poeze &amp; Hank Schulte Nordholt MERDEKA: THE STRUGGLE FOR INDONESIA INDEPENDENCE AND THE REPUBLIC S PRECARIOUS RISE 1945-1950 Amsterdam: Amsterdam University Press 2024 Unduh : https://t.co/7cQin1fNUP #sejarahindonesia #catatanindonesia #catatannusantara https://t.co/GHbor54VWA","1831891839575847269","https://pbs.twimg.com/media/GWwv6hwa8AUc7AG.jpg","","en","Indonesia ","5","2","64","https://x.com/CatatNusantara/status/1831891839575847269","1471782862865125378","CatatNusantara"
"1821122662091124847","Wed Aug 07 09:54:12 +0000 2024","255","Jiwa Merdeka Malaysia Madani! Ô∏è Sempena bulan kemerdekaan tahun ini marilah kita beristiqamah berjiwa Merdeka. Merdeka dari sikap Assabiyah. Merdeka dari rasuah. Merdeka dari perkauman. Merdeka dari tabiat sifat yg buruk. Jiwa Merdeka Malaysia Madani! üá≤üáæÔ∏è @kpkt_gov https://t.co/cCdkDHN6yE","1821122662091124847","https://pbs.twimg.com/ext_tw_video_thumb/1821122601420513280/pu/img/XWcyNWN8WEBKsLl-.jpg","","in","","5","28","29","https://x.com/NgaKorMing/status/1821122662091124847","92917860","NgaKorMing"
"1868161900581929440","Sun Dec 15 05:11:20 +0000 2024","0","Yg begini bukan praktek mapel biasanya tp kaya projek2 ala kurikulum merdeka.","1868161900581929440","","","in","","0","0","0","https://x.com/jegersan/status/1868161900581929440","100383112","jegersan"
"1867112931361714644","Thu Dec 12 07:43:06 +0000 2024","2","bang mba @VindhTR ini pernah misu soal kurikulum merdeka soalnya anak dia kelas 1 sd disuruh bikin prakarya trs dijual abis itu itung laba-rugi. menurut lu aja udah having sex atau belum. pertanyaan tolol juga sih ini korelasinya apa?","1867112931361714644","","","in","Fishermen Kingdom, Atlantis","0","1","0","https://x.com/purebprince/status/1867112931361714644","1276207574694498304","purebprince"
"1871487655671926953","Tue Dec 24 15:01:40 +0000 2024","0","@yuusz7 @ndrypd -ortu yg ada kemungkinan gk suka liat hal yg muluk¬≤/susah. Jd kesimpulannya Kurikulum Merdeka di anak SD (Sesuai sm pengamatanku) msh blm tepat krn ortu sbg pendukung juga msh kurang. Malah yg keliatan lbh effort tuh guru TK wkt itu.","1871571954324685018","","nana_bluenana","in","","0","0","0","https://x.com/nana_bluenana/status/1871571954324685018","1679501157201510400","nana_bluenana"
"1868223102859223124","Sun Dec 15 09:14:32 +0000 2024","0","Salah satu hal yang perlu dipahami guru dalam membuat laporan hasil belajar Kurikulum Merdeka adalah cara merumuskan deskripsi nilai rapor. Di dalam Kurikulum Merdeka ... https://t.co/wThiP9nVPR","1868223102859223124","","","in","Jawa Tengah, Indonesia","0","0","0","https://x.com/MediabagiCom/status/1868223102859223124","1862111080501415936","MediabagiCom"
"1220692979196682240","Fri Jan 24 13:01:00 +0000 2020","544","Nadiem Makariem kembali membuat gebrakan. Kebijakan itu ia beri nama Merdeka Belajar: Kampus Merdeka. Dalam paparan kebijakan itu disebutkan setidaknya ada empat poin yang menjadi program utama Nadiem. Apa saja? https://t.co/vjtUptxFAa","1220692979196682240","","","in","Indonesia","75","37","229","https://x.com/TirtoID/status/1220692979196682240","4187275698","TirtoID"
"1405100884908859392","Wed Jun 16 09:52:11 +0000 2021","607","Satu kata kunci yang menarik dari konsep Kampus Merdeka menurutku adalah: Exposure. Program ini memperbanyak variasi exsposure yg dialami mahasiswa pada berbagai pengalaman luar kelas. Mahasiswa/i yang mendapatkan exposure beragam akan mempunyai pola pikir yang juga divergent","1405100884908859392","","","in","","6","4","93","https://x.com/MFaizGhifari/status/1405100884908859392","348988180","MFaizGhifari"
"1172498174646206469","Fri Sep 13 13:12:03 +0000 2019","245","Tolak Revisi UU KPK Guru Besar se-Indonesia Sebut Tak Rela Negara Terpuruk https://t.co/AGFnDS3T6a","1172498174646206469","","","in","Indonesia","5","16","86","https://x.com/merdekadotcom/status/1172498174646206469","456426648","merdekadotcom"
"1864590956374446490","Thu Dec 05 08:41:41 +0000 2024","0","Penanaman Karakter Usia Dini pada Festival Story Telling: Wujud Sinkronisasi Program P5 Kurikulum Merdeka https://t.co/EUtYAcMDVw Salam Seni dan Budaya! #ISBIBandung #Lokakarya #StoryTelling #P5 #kurikulummerdeka #CentreofCreativity #kampusmerdeka #merdekabelajar https://t.co/lZFqRCetBw","1864590956374446490","https://pbs.twimg.com/media/GeBbXh1aIAAqV6Z.jpg","","in","Jl. Buah Batu No 212","0","0","0","https://x.com/isbi_bandung/status/1864590956374446490","1834787458846015488","isbi_bandung"
"1872489852433998139","Fri Dec 27 03:49:04 +0000 2024","0","rata2 skrg kurikulum merdeka. kamu mulai search kurikulum merdeka. 1x pertemuan 60 menit. per bulan Rp100.000 - seminggu 3x. Buat kelas istimewa dg pertemuan setiap hari per bulan Rp500.000 -. Lebih baik materi ajar dari kamu bukan buku siswa. Karena buku siswa pasti beda.","1872489852433998139","","","in","","0","0","0","https://x.com/hibocilll/status/1872489852433998139","1754207940696047616","hibocilll"
"1869779143849918690","Thu Dec 19 16:17:41 +0000 2024","0","Implementasi Kurikulum Merdeka dalam Meningkatkan Kualitas Pendidikan Baca: https://t.co/IulmTpux0K #cilacapdotinfo","1869779143849918690","","","in","Cilacap, Jawa Tengah","0","0","0","https://x.com/cilacapdotinfo/status/1869779143849918690","1020917214126325760","cilacapdotinfo"
"1870755357192335468","Sun Dec 22 08:56:48 +0000 2024","1","Materi 1: Pelajar Berkarakter Tolak Kekerasan Tolak Judi Online &amp; Bijak Bermedia Sosial #PelajarPenggerakMerahPutih #PelajarSehatCerdasBerkarakter https://t.co/khDxyWndMT","1870755357192335468","https://pbs.twimg.com/media/GfZCFRAagAAfT-P.jpg","","in","","0","0","0","https://x.com/r1zzimurariiki/status/1870755357192335468","1792749277103710208","r1zzimurariiki"
"1187305228707581953","Thu Oct 24 09:50:00 +0000 2019","190","Dalam Kamus Indonesia (G. Kolff &amp; Co. Bandung 1951) kata 'Merdeka' berasal dari Bahasa Sansekerta yakni 'Maharddhikeka' lalu diserap menjadi 'Merdeheka'. Kata merdeka memiliki arti 'Lepas dari perhambaan tiada terikat pada sesuatu'.","1187305228707581953","","","in","Indonesia","1","3","25","https://x.com/kontenwow/status/1187305228707581953","129778375","kontenwow"
"1868630433321390179","Mon Dec 16 12:13:07 +0000 2024","7","Jokowi playbook. Entah itu pertalite sampe ke Kurikulum Merdeka cara mainnya gini mulu emang.","1868630433321390179","","","in","","0","1","3","https://x.com/Donquixote_ricx/status/1868630433321390179","1846960991684472832","Donquixote_ricx"
"1868687009772102071","Mon Dec 16 15:57:56 +0000 2024","0","Hasilnya Kurikulum Merdeka bukan ini?","1868687009772102071","","","in","","0","0","0","https://x.com/politikana/status/1868687009772102071","18660644","politikana"
"1869897534145212490","Fri Dec 20 00:08:07 +0000 2024","5","the us and indonesia is scarily similar in the bad part sometimes... indotwt has similar concerns with kurikulum merdeka i swear","1869897534145212490","","","en","","0","0","0","https://x.com/goddessnotpeach/status/1869897534145212490","1351438829526290434","goddessnotpeach"
"1490187315251400706","Sun Feb 06 15:02:52 +0000 2022","527","@majesticdemons Pas banget kurikulum baru (akan diluncurkan bulan ini oleh Mas Menteri Nadiem) memberi porsi besar utk pendidikan karakter (profil pelajar pancasila) 20% dari waktu belajar non mapel.","1490340219228663809","","majesticdemons","in","Jakarta ","5","5","19","https://x.com/adekumala/status/1490340219228663809","30654287","adekumala"
"1131339359066583040","Wed May 22 23:21:37 +0000 2019","407","Kalau 98 rakyat bersatu turun ke jalan kalau skrg hanya preman bayaran yg turun ke jalanan","1131339359066583040","","","in","localhost","2","18","106","https://x.com/mantanGL/status/1131339359066583040","222414673","mantanGL"
"1608087503285944320","Wed Dec 28 13:08:32 +0000 2022","319","Pemberontakan Komunis Silungkang 1927 (Mestika Zed) Ajaran komunisme yang dikembangkan di sana merupakan adonan antara teologi Islam dan radikalisme Marxisme. Maka hasilnya ialah Islam Revolusioner. Mestika Zed Baca unduh dan sebar: https://t.co/xOYvMhNDyU #Silungkang1927 https://t.co/73Ej5gPBex","1608087503285944320","https://pbs.twimg.com/media/FlERNztakAIxqYn.jpg","","in","Lubang Buaya -6.290207,106.908","14","1","86","https://x.com/bebaskanbuku/status/1608087503285944320","1125779795487465474","bebaskanbuku"
